date,eq_count,max_magnitude,mean_depth_km,energy_log10,dispersion_km
2016-02-17,1,4.6,458.45,11.7,0.0
2016-02-18,0,,,,
2016-02-19,1,4.6,413.4,11.7,0.0
2016-02-20,6,5.8,546.8666666666667,13.596775058596108,341.3059564747013
2016-02-21,0,,,,
2016-02-22,2,4.6,515.74,11.932474080687586,0.0
2016-02-23,1,4.6,560.15,11.7,0.0
2016-02-24,0,,,,
2016-02-25,1,4.5,538.68,11.55,0.0
2016-02-26,1,4.5,637.9,11.55,0.0
2016-02-27,2,5.1,435.655,12.521081852649532,0.0
2016-02-28,2,4.5,373.8,11.851029995663982,0.0
2016-02-29,2,4.5,352.08,11.851029995663982,0.0
2016-03-01,0,,,,
2016-03-02,1,4.5,535.69,11.55,0.0
2016-03-03,3,4.8,586.8033333333334,12.268578117629064,99.56031977382726
2016-03-04,1,5.3,608.42,12.75,0.0
2016-03-05,0,,,,
2016-03-06,0,,,,
2016-03-07,0,,,,
2016-03-08,2,4.6,614.685,11.932474080687586,0.0
2016-03-09,1,4.7,367.55,11.85,0.0
2016-03-10,0,,,,
2016-03-11,1,4.9,545.89,12.15,0.0
2016-03-12,0,,,,
2016-03-13,1,4.7,511.31,11.85,0.0
2016-03-14,0,,,,
2016-03-15,0,,,,
2016-03-16,1,4.7,505.45,11.85,0.0
2016-03-17,0,,,,
2016-03-18,0,,,,
2016-03-19,2,4.6,487.395,11.932474080687586,0.0
2016-03-20,1,4.6,517.12,11.7,0.0
2016-03-21,0,,,,
2016-03-22,1,4.5,661.28,11.55,0.0
2016-03-23,0,,,,
2016-03-24,0,,,,
2016-03-25,0,,,,
2016-03-26,0,,,,
2016-03-27,0,,,,
2016-03-28,0,,,,
2016-03-29,2,4.7,519.5450000000001,12.026434862436489,0.0
2016-03-30,0,,,,
2016-03-31,1,4.6,438.39,11.7,0.0
2016-04-01,0,,,,
2016-04-02,0,,,,
2016-04-03,1,4.5,458.66,11.55,0.0
2016-04-04,1,4.9,509.72,12.15,0.0
2016-04-05,2,4.7,529.87,12.026434862436489,0.0
2016-04-06,0,,,,
2016-04-07,1,4.9,636.07,12.15,0.0
2016-04-08,0,,,,
2016-04-09,0,,,,
2016-04-10,1,4.5,547.94,11.55,0.0
2016-04-11,1,4.7,594.1,11.85,0.0
2016-04-12,0,,,,
2016-04-13,1,4.6,343.82,11.7,0.0
2016-04-14,0,,,,
2016-04-15,1,4.7,519.39,11.85,0.0
2016-04-16,0,,,,
2016-04-17,1,4.9,539.2,12.15,0.0
2016-04-18,0,,,,
2016-04-19,1,4.5,375.43,11.55,0.0
2016-04-20,3,5.4,530.3100000000001,12.94444728410305,73.66278623008664
2016-04-21,0,,,,
2016-04-22,0,,,,
2016-04-23,1,4.5,568.06,11.55,0.0
2016-04-24,1,4.6,516.64,11.7,0.0
2016-04-25,2,5.3,579.49,12.80149694202523,0.0
2016-04-26,4,4.7,515.12,12.314948161375172,3364.389650161484
2016-04-27,1,4.5,541.62,11.55,0.0
2016-04-28,1,4.8,495.86,12.0,0.0
2016-04-29,0,,,,
2016-04-30,0,,,,
2016-05-01,1,4.9,542.5,12.15,0.0
2016-05-02,0,,,,
2016-05-03,0,,,,
2016-05-04,0,,,,
2016-05-05,1,4.6,539.31,11.7,0.0
2016-05-06,0,,,,
2016-05-07,1,5.2,538.75,12.6,0.0
2016-05-08,1,4.9,589.99,12.15,0.0
2016-05-09,1,4.7,600.09,11.85,0.0
2016-05-10,0,,,,
2016-05-11,0,,,,
2016-05-12,1,4.6,532.95,11.7,0.0
2016-05-13,6,5.6,551.6983333333334,13.253234910182544,2761.571560834745
2016-05-14,0,,,,
2016-05-15,0,,,,
2016-05-16,1,4.5,563.11,11.55,0.0
2016-05-17,0,,,,
2016-05-18,2,4.6,541.85,12.00102999566398,0.0
2016-05-19,1,4.6,512.66,11.7,0.0
2016-05-20,3,4.8,564.4266666666666,12.268578117629064,2665.457989198038
2016-05-21,1,4.5,404.11,11.55,0.0
2016-05-22,0,,,,
2016-05-23,1,4.5,508.52,11.55,0.0
2016-05-24,3,4.8,561.5466666666666,12.232901311711837,2562.482016876736
2016-05-25,0,,,,
2016-05-26,1,4.5,538.35,11.55,0.0
2016-05-27,1,6.4,567.48,14.400000000000002,0.0
2016-05-28,1,6.9,405.69,15.150000000000002,0.0
2016-05-29,1,4.5,472.0,11.55,0.0
2016-05-30,0,,,,
2016-05-31,0,,,,
2016-06-01,0,,,,
2016-06-02,2,4.8,415.71,12.131879480002064,0.0
2016-06-03,3,4.9,478.9633333333333,12.326779009088495,5039.436119956399
2016-06-04,1,4.6,469.99,11.7,0.0
2016-06-05,1,6.3,429.62,14.25,0.0
2016-06-06,1,4.5,597.74,11.55,0.0
2016-06-07,3,5.4,521.2666666666667,12.98724755344236,200.4386550364109
2016-06-08,0,,,,
2016-06-09,1,4.6,510.75,11.7,0.0
2016-06-10,0,,,,
2016-06-11,4,4.8,514.4775,12.34455220846809,3208.0196218971814
2016-06-12,0,,,,
2016-06-13,1,4.6,583.13,11.7,0.0
2016-06-14,2,4.5,600.7249999999999,11.851029995663982,0.0
2016-06-15,0,,,,
2016-06-16,1,5.1,560.84,12.45,0.0
2016-06-17,0,,,,
2016-06-18,0,,,,
2016-06-19,0,,,,
2016-06-20,0,,,,
2016-06-21,7,6.3,524.5600000000001,14.277741990276956,1479.823174118396
2016-06-22,0,,,,
2016-06-23,0,,,,
2016-06-24,0,,,,
2016-06-25,0,,,,
2016-06-26,0,,,,
2016-06-27,0,,,,
2016-06-28,0,,,,
2016-06-29,1,4.7,546.74,11.85,0.0
2016-06-30,0,,,,
2016-07-01,0,,,,
2016-07-02,1,4.7,519.21,11.85,0.0
2016-07-03,0,,,,
2016-07-04,1,4.5,589.12,11.55,0.0
2016-07-05,0,,,,
2016-07-06,1,4.5,386.62,11.55,0.0
2016-07-07,0,,,,
2016-07-08,1,4.5,553.07,11.55,0.0
2016-07-09,0,,,,
2016-07-10,0,,,,
2016-07-11,0,,,,
2016-07-12,0,,,,
2016-07-13,0,,,,
2016-07-14,1,5.1,588.41,12.45,0.0
2016-07-15,4,4.6,511.3925,12.233504076351569,226.74391356499385
2016-07-16,3,4.5,478.3733333333333,12.027121254719663,2928.92468301558
2016-07-17,1,4.7,338.92,11.85,0.0
2016-07-18,1,5.0,568.79,12.3,0.0
2016-07-19,0,,,,
2016-07-20,0,,,,
2016-07-21,1,4.6,372.39,11.7,0.0
2016-07-22,1,4.6,528.93,11.7,0.0
2016-07-23,3,5.8,490.7966666666666,13.545914274997644,3845.485171268315
2016-07-24,1,4.5,344.47,11.55,0.0
2016-07-25,0,,,,
2016-07-26,1,4.6,540.42,11.7,0.0
2016-07-27,0,,,,
2016-07-28,2,4.7,531.3199999999999,12.026434862436489,0.0
2016-07-29,0,,,,
2016-07-30,1,4.5,534.48,11.55,0.0
2016-07-31,2,4.9,507.245,12.247322793708696,0.0
2016-08-01,1,4.6,509.04,11.7,0.0
2016-08-02,1,4.5,622.13,11.55,0.0
2016-08-03,1,4.7,611.76,11.85,0.0
2016-08-04,2,6.3,501.665,14.250865668082794,0.0
2016-08-05,0,,,,
2016-08-06,0,,,,
2016-08-07,0,,,,
2016-08-08,1,4.5,375.26,11.55,0.0
2016-08-09,0,,,,
2016-08-10,2,4.5,589.17,11.851029995663982,0.0
2016-08-11,2,4.6,415.615,11.932474080687586,0.0
2016-08-12,0,,,,
2016-08-13,1,4.5,332.17,11.55,0.0
2016-08-14,1,4.9,506.29,12.15,0.0
2016-08-15,1,4.5,517.4,11.55,0.0
2016-08-16,0,,,,
2016-08-17,3,4.9,548.1999999999999,12.442064236471372,1849.9088179956727
2016-08-18,1,4.6,391.64,11.7,0.0
2016-08-19,0,,,,
2016-08-20,0,,,,
2016-08-21,2,4.5,546.24,11.851029995663982,0.0
2016-08-22,1,5.6,391.0,13.2,0.0
2016-08-23,2,6.0,526.645,13.976434862436486,0.0
2016-08-24,0,,,,
2016-08-25,3,5.9,505.1033333333333,13.660211822507032,3458.159548447738
2016-08-26,0,,,,
2016-08-27,1,4.8,508.02,12.0,0.0
2016-08-28,0,,,,
2016-08-29,3,4.6,434.71,12.083077438168312,2715.984528828219
2016-08-30,0,,,,
2016-08-31,1,6.8,476.0,15.0,0.0
2016-09-01,0,,,,
2016-09-02,1,4.5,619.7,11.55,0.0
2016-09-03,1,5.0,326.69,12.3,0.0
2016-09-04,1,4.9,582.87,12.15,0.0
2016-09-05,2,4.5,539.185,11.851029995663982,0.0
2016-09-06,3,4.8,568.48,12.232901311711837,44.91201431083967
2016-09-07,0,,,,
2016-09-08,2,4.7,463.41,12.026434862436489,0.0
2016-09-09,1,4.5,516.37,11.55,0.0
2016-09-10,0,,,,
2016-09-11,0,,,,
2016-09-12,1,4.8,539.3,12.0,0.0
2016-09-13,0,,,,
2016-09-14,2,4.6,531.56,11.932474080687586,0.0
2016-09-15,0,,,,
2016-09-16,0,,,,
2016-09-17,2,4.7,482.065,12.082474080687588,0.0
2016-09-18,0,,,,
2016-09-19,1,4.5,515.02,11.55,0.0
2016-09-20,1,4.7,658.45,11.85,0.0
2016-09-21,1,4.5,585.75,11.55,0.0
2016-09-22,2,4.6,538.9549999999999,11.932474080687586,0.0
2016-09-23,0,,,,
2016-09-24,5,6.9,589.78,15.152848726843926,5.832521193125317
2016-09-25,2,5.1,573.6949999999999,12.501496942025229,0.0
2016-09-26,2,4.6,606.8199999999999,11.932474080687586,0.0
2016-09-27,3,5.1,519.14,12.764448527210144,2588.780486781763
2016-09-28,1,4.6,587.94,11.7,0.0
2016-09-29,2,4.5,470.02,11.851029995663982,0.0
2016-09-30,0,,,,
2016-10-01,1,5.3,522.44,12.75,0.0
2016-10-02,1,4.5,567.76,11.55,0.0
2016-10-03,1,4.7,516.81,11.85,0.0
2016-10-04,1,4.6,569.56,11.7,0.0
2016-10-05,2,4.7,506.165,12.026434862436489,0.0
2016-10-06,1,4.5,509.47,11.55,0.0
2016-10-07,0,,,,
2016-10-08,0,,,,
2016-10-09,0,,,,
2016-10-10,0,,,,
2016-10-11,2,4.7,448.23,12.082474080687588,0.0
2016-10-12,3,5.4,532.6866666666666,12.94444728410305,212.2776766419632
2016-10-13,0,,,,
2016-10-14,0,,,,
2016-10-15,2,6.3,494.93,14.250865668082794,0.0
2016-10-16,0,,,,
2016-10-17,0,,,,
2016-10-18,1,5.9,540.0,13.650000000000002,0.0
2016-10-19,1,6.6,614.0,14.7,0.0
2016-10-20,1,5.0,653.46,12.3,0.0
2016-10-21,2,4.7,515.465,12.026434862436489,0.0
2016-10-22,0,,,,
2016-10-23,0,,,,
2016-10-24,0,,,,
2016-10-25,0,,,,
2016-10-26,0,,,,
2016-10-27,0,,,,
2016-10-28,1,5.8,457.86,13.5,0.0
2016-10-29,1,4.7,586.2,11.85,0.0
2016-10-30,1,4.5,596.87,11.55,0.0
2016-10-31,2,4.9,485.42,12.247322793708696,0.0
2016-11-01,0,,,,
2016-11-02,0,,,,
2016-11-03,3,4.5,535.5733333333334,12.027121254719663,3029.995155817559
2016-11-04,0,,,,
2016-11-05,0,,,,
2016-11-06,1,4.6,487.51,11.7,0.0
2016-11-07,2,4.7,537.23,12.082474080687588,0.0
2016-11-08,1,5.1,558.61,12.45,0.0
2016-11-09,2,5.9,468.53,13.668978441047736,0.0
2016-11-10,2,5.6,588.3399999999999,13.209615408440142,0.0
2016-11-11,1,4.7,348.86,11.85,0.0
2016-11-12,3,5.9,532.6566666666666,13.6643556082357,283.9028685035973
2016-11-13,2,4.6,488.045,11.932474080687586,0.0
2016-11-14,1,4.8,573.9,12.0,0.0
2016-11-15,0,,,,
2016-11-16,0,,,,
2016-11-17,0,,,,
2016-11-18,1,4.6,589.01,11.7,0.0
2016-11-19,4,4.8,556.17,12.3833795181937,3372.16962810725
2016-11-20,1,4.5,453.3,11.55,0.0
2016-11-21,2,4.5,589.24,11.851029995663982,0.0
2016-11-22,1,5.0,495.1,12.3,0.0
2016-11-23,1,5.8,481.0,13.5,0.0
2016-11-24,1,5.2,345.99,12.6,0.0
2016-11-25,1,4.5,539.64,11.55,0.0
2016-11-26,1,4.5,515.3,11.55,0.0
2016-11-27,1,4.9,584.68,12.15,0.0
2016-11-28,0,,,,
2016-11-29,2,4.7,475.31,12.082474080687588,0.0
2016-11-30,3,5.1,493.7933333333333,12.547529771719718,50.94593265569012
2016-12-01,1,4.8,572.49,12.0,0.0
2016-12-02,1,4.8,521.75,12.0,0.0
2016-12-03,1,4.5,600.22,11.55,0.0
2016-12-04,0,,,,
2016-12-05,2,6.3,540.115,14.251222286527138,0.0
2016-12-06,1,5.0,404.08,12.3,0.0
2016-12-07,0,,,,
2016-12-08,0,,,,
2016-12-09,0,,,,
2016-12-10,1,4.5,597.8,11.55,0.0
2016-12-11,1,5.3,467.06,12.75,0.0
2016-12-12,1,4.7,513.8,11.85,0.0
2016-12-13,2,5.4,451.71,12.937077764450722,0.0
2016-12-14,0,,,,
2016-12-15,1,4.5,559.73,11.55,0.0
2016-12-16,1,4.5,622.73,11.55,0.0
2016-12-17,0,,,,
2016-12-18,1,6.4,612.0,14.400000000000002,0.0
2016-12-19,1,4.5,510.85,11.55,0.0
2016-12-20,1,4.7,583.58,11.85,0.0
2016-12-21,2,4.9,483.855,12.247322793708696,0.0
2016-12-22,0,,,,
2016-12-23,0,,,,
2016-12-24,0,,,,
2016-12-25,0,,,,
2016-12-26,2,4.5,571.39,11.851029995663982,0.0
2016-12-27,0,,,,
2016-12-28,1,4.5,511.0,11.55,0.0
2016-12-29,0,,,,
2016-12-30,2,4.6,434.06,11.932474080687586,0.0
2016-12-31,0,,,,
2017-01-01,0,,,,
2017-01-02,4,6.3,492.5775,14.26519761979914,3862.9655455177904
2017-01-03,4,5.0,530.8299999999999,12.54392209885129,232.95001127450823
2017-01-04,2,4.5,553.845,11.851029995663982,0.0
2017-01-05,1,4.7,568.82,11.85,0.0
2017-01-06,2,4.7,554.065,12.151029995663984,0.0
2017-01-07,0,,,,
2017-01-08,1,4.6,543.8,11.7,0.0
2017-01-09,1,4.9,583.18,12.15,0.0
2017-01-10,4,7.3,556.3625,15.75032217514271,2689.054741774232
2017-01-11,2,4.7,570.385,12.026434862436489,0.0
2017-01-12,4,5.4,464.225,12.978053943643484,3923.724068870053
2017-01-13,1,4.5,513.81,11.55,0.0
2017-01-14,0,,,,
2017-01-15,0,,,,
2017-01-16,1,4.7,618.77,11.85,0.0
2017-01-17,1,4.6,537.49,11.7,0.0
2017-01-18,0,,,,
2017-01-19,0,,,,
2017-01-20,2,4.6,485.335,11.932474080687586,0.0
2017-01-21,0,,,,
2017-01-22,0,,,,
2017-01-23,2,4.8,572.84,12.176434862436484,0.0
2017-01-24,0,,,,
2017-01-25,0,,,,
2017-01-26,1,4.5,529.61,11.55,0.0
2017-01-27,1,4.8,353.25,12.0,0.0
2017-01-28,1,4.5,584.96,11.55,0.0
2017-01-29,1,4.5,517.08,11.55,0.0
2017-01-30,0,,,,
2017-01-31,2,5.4,519.36,12.918978441047736,0.0
2017-02-01,0,,,,
2017-02-02,1,4.9,559.62,12.15,0.0
2017-02-03,0,,,,
2017-02-04,2,4.7,550.72,12.026434862436489,0.0
2017-02-05,0,,,,
2017-02-06,1,4.6,537.96,11.7,0.0
2017-02-07,1,5.0,581.31,12.3,0.0
2017-02-08,2,5.1,579.54,12.501496942025229,0.0
2017-02-09,1,4.9,612.57,12.15,0.0
2017-02-10,3,4.5,500.5366666666666,12.027121254719663,2974.857203879989
2017-02-11,1,5.0,496.96,12.3,0.0
2017-02-12,1,4.5,529.4,11.55,0.0
2017-02-13,5,5.1,485.754,12.675516470000789,285.28003401228284
2017-02-14,0,,,,
2017-02-15,2,4.5,490.1,11.851029995663982,0.0
2017-02-16,2,5.3,472.275,12.881879480002064,0.0
2017-02-17,1,4.7,390.8,11.85,0.0
2017-02-18,1,4.6,505.49,11.7,0.0
2017-02-19,2,4.5,554.5450000000001,11.851029995663982,0.0
2017-02-20,1,4.6,662.16,11.7,0.0
2017-02-21,3,6.5,548.01,14.551655144655967,5240.513651220204
2017-02-22,1,4.7,566.16,11.85,0.0
2017-02-23,3,5.1,414.6466666666667,12.565184488590845,2887.9609256029303
2017-02-24,2,6.9,498.06,15.16352092210804,0.0
2017-02-25,1,4.6,402.89,11.7,0.0
2017-02-26,0,,,,
2017-02-27,0,,,,
2017-02-28,0,,,,
2017-03-01,2,4.8,558.035,12.176434862436484,0.0
2017-03-02,1,4.5,610.53,11.55,0.0
2017-03-03,2,4.6,459.645,11.932474080687586,0.0
2017-03-04,2,4.9,538.0999999999999,12.326434862436486,0.0
2017-03-05,0,,,,
2017-03-06,5,5.0,518.624,12.691201906833404,3025.847502605988
2017-03-07,0,,,,
2017-03-08,0,,,,
2017-03-09,0,,,,
2017-03-10,0,,,,
2017-03-11,0,,,,
2017-03-12,1,5.1,584.4,12.45,0.0
2017-03-13,0,,,,
2017-03-14,1,5.1,545.67,12.45,0.0
2017-03-15,0,,,,
2017-03-16,1,5.0,536.75,12.3,0.0
2017-03-17,2,4.9,573.105,12.326434862436486,0.0
2017-03-18,0,,,,
2017-03-19,1,4.5,483.06,11.55,0.0
2017-03-20,3,4.9,563.1633333333334,12.418578117629064,157.06628041605578
2017-03-21,0,,,,
2017-03-22,1,4.5,566.66,11.55,0.0
2017-03-23,1,4.5,318.61,11.55,0.0
2017-03-24,0,,,,
2017-03-25,0,,,,
2017-03-26,1,4.5,494.83,11.55,0.0
2017-03-27,0,,,,
2017-03-28,0,,,,
2017-03-29,0,,,,
2017-03-30,1,4.6,516.82,11.7,0.0
2017-03-31,1,4.5,506.15,11.55,0.0
2017-04-01,1,4.6,377.1,11.7,0.0
2017-04-02,1,4.7,595.95,11.85,0.0
2017-04-03,1,4.6,543.43,11.7,0.0
2017-04-04,0,,,,
2017-04-05,1,4.9,583.91,12.15,0.0
2017-04-06,1,4.6,542.45,11.7,0.0
2017-04-07,2,4.6,504.585,11.932474080687586,0.0
2017-04-08,2,4.9,464.1950000000001,12.281879480002065,0.0
2017-04-09,0,,,,
2017-04-10,2,4.7,526.855,12.026434862436489,0.0
2017-04-11,0,,,,
2017-04-12,1,4.5,458.55,11.55,0.0
2017-04-13,1,5.8,502.06,13.5,0.0
2017-04-14,1,4.6,389.72,11.7,0.0
2017-04-15,1,4.6,533.48,11.7,0.0
2017-04-16,1,4.8,501.35,12.0,0.0
2017-04-17,2,4.5,512.6700000000001,11.851029995663982,0.0
2017-04-18,4,6.0,627.675,13.812590756974007,54.94212749947558
2017-04-19,2,4.8,458.525,12.131879480002064,0.0
2017-04-20,3,4.6,504.63,12.083077438168312,115.1821218570672
2017-04-21,0,,,,
2017-04-22,0,,,,
2017-04-23,1,4.7,530.45,11.85,0.0
2017-04-24,0,,,,
2017-04-25,0,,,,
2017-04-26,3,5.0,556.1633333333333,12.48544053285583,201.92560645521183
2017-04-27,1,4.5,528.77,11.55,0.0
2017-04-28,0,,,,
2017-04-29,0,,,,
2017-04-30,0,,,,
2017-05-01,0,,,,
2017-05-02,0,,,,
2017-05-03,1,4.6,525.09,11.7,0.0
2017-05-04,0,,,,
2017-05-05,3,4.8,528.1999999999999,12.268578117629064,3632.971067054146
2017-05-06,3,5.0,411.7366666666667,12.54362726604562,3042.42772361836
2017-05-07,0,,,,
2017-05-08,0,,,,
2017-05-09,0,,,,
2017-05-10,2,4.6,563.2349999999999,11.932474080687586,0.0
2017-05-11,1,4.5,393.88,11.55,0.0
2017-05-12,0,,,,
2017-05-13,0,,,,
2017-05-14,0,,,,
2017-05-15,0,,,,
2017-05-16,2,4.6,525.48,11.932474080687586,0.0
2017-05-17,0,,,,
2017-05-18,0,,,,
2017-05-19,0,,,,
2017-05-20,2,6.0,512.535,13.802435376181217,0.0
2017-05-21,0,,,,
2017-05-22,1,4.6,530.3,11.7,0.0
2017-05-23,1,4.6,528.34,11.7,0.0
2017-05-24,1,4.5,607.81,11.55,0.0
2017-05-25,0,,,,
2017-05-26,1,5.0,561.79,12.3,0.0
2017-05-27,0,,,,
2017-05-28,0,,,,
2017-05-29,1,4.6,554.64,11.7,0.0
2017-05-30,1,4.5,554.74,11.55,0.0
2017-05-31,0,,,,
2017-06-01,0,,,,
2017-06-02,0,,,,
2017-06-03,0,,,,
2017-06-04,0,,,,
2017-06-05,2,4.5,404.955,11.851029995663982,0.0
2017-06-06,0,,,,
2017-06-07,1,5.0,540.11,12.3,0.0
2017-06-08,3,4.7,564.0866666666667,12.151545298844896,588.2719193282811
2017-06-09,0,,,,
2017-06-10,0,,,,
2017-06-11,1,4.8,412.58,12.0,0.0
2017-06-12,0,,,,
2017-06-13,2,4.8,504.065,12.176434862436484,0.0
2017-06-14,1,4.7,495.42,11.85,0.0
2017-06-15,1,4.5,539.13,11.55,0.0
2017-06-16,1,4.6,516.91,11.7,0.0
2017-06-17,1,6.1,511.0,13.95,0.0
2017-06-18,1,4.8,524.65,12.0,0.0
2017-06-19,2,4.7,572.3399999999999,12.026434862436489,0.0
2017-06-20,1,4.5,454.74,11.55,0.0
2017-06-21,1,4.6,420.31,11.7,0.0
2017-06-22,2,4.9,582.5,12.451029995663982,0.0
2017-06-23,0,,,,
2017-06-24,0,,,,
2017-06-25,0,,,,
2017-06-26,0,,,,
2017-06-27,1,4.5,525.32,11.55,0.0
2017-06-28,1,4.7,643.3,11.85,0.0
2017-06-29,3,6.0,502.00666666666666,13.804857171718922,545.5606368626537
2017-06-30,0,,,,
2017-07-01,0,,,,
2017-07-02,1,4.5,569.23,11.55,0.0
2017-07-03,0,,,,
2017-07-04,0,,,,
2017-07-05,0,,,,
2017-07-06,1,4.7,515.08,11.85,0.0
2017-07-07,1,4.6,379.04,11.7,0.0
2017-07-08,0,,,,
2017-07-09,2,4.6,475.75,11.932474080687586,0.0
2017-07-10,2,4.6,523.9000000000001,12.00102999566398,0.0
2017-07-11,2,5.0,431.24,12.371081852649532,0.0
2017-07-12,1,5.9,545.0,13.650000000000002,0.0
2017-07-13,1,4.5,532.96,11.55,0.0
2017-07-14,1,4.5,552.93,11.55,0.0
2017-07-15,1,4.7,500.19,11.85,0.0
2017-07-16,1,4.6,499.11,11.7,0.0
2017-07-17,1,4.5,586.48,11.55,0.0
2017-07-18,0,,,,
2017-07-19,0,,,,
2017-07-20,1,4.5,487.99,11.55,0.0
2017-07-21,2,4.9,470.53,12.281879480002065,0.0
2017-07-22,0,,,,
2017-07-23,0,,,,
2017-07-24,0,,,,
2017-07-25,1,4.6,390.76,11.7,0.0
2017-07-26,2,4.9,458.5,12.281879480002065,0.0
2017-07-27,0,,,,
2017-07-28,0,,,,
2017-07-29,0,,,,
2017-07-30,2,5.0,560.79,12.397322793708696,0.0
2017-07-31,2,4.5,546.565,11.851029995663982,0.0
2017-08-01,2,5.1,469.46,12.501496942025229,0.0
2017-08-02,0,,,,
2017-08-03,1,4.5,580.96,11.55,0.0
2017-08-04,0,,,,
2017-08-05,0,,,,
2017-08-06,0,,,,
2017-08-07,0,,,,
2017-08-08,0,,,,
2017-08-09,1,4.7,583.89,11.85,0.0
2017-08-10,1,5.0,524.62,12.3,0.0
2017-08-11,0,,,,
2017-08-12,0,,,,
2017-08-13,2,4.8,405.215,12.176434862436484,0.0
2017-08-14,0,,,,
2017-08-15,0,,,,
2017-08-16,2,4.5,542.1700000000001,11.851029995663982,0.0
2017-08-17,1,4.5,382.11,11.55,0.0
2017-08-18,1,4.5,515.92,11.55,0.0
2017-08-19,2,6.4,567.7,14.400865668082796,0.0
2017-08-20,0,,,,
2017-08-21,1,4.5,532.1,11.55,0.0
2017-08-22,0,,,,
2017-08-23,0,,,,
2017-08-24,1,4.5,486.12,11.55,0.0
2017-08-25,0,,,,
2017-08-26,1,4.6,576.57,11.7,0.0
2017-08-27,2,4.7,456.735,12.026434862436489,0.0
2017-08-28,2,4.6,486.4,11.932474080687586,0.0
2017-08-29,0,,,,
2017-08-30,3,4.7,549.3333333333334,12.194221866731146,304.5518506163229
2017-08-31,1,4.5,499.89,11.55,0.0
2017-09-01,0,,,,
2017-09-02,0,,,,
2017-09-03,1,4.5,527.28,11.55,0.0
2017-09-04,5,5.0,482.64,12.59262327478455,2356.420336268259
2017-09-05,1,4.5,568.4,11.55,0.0
2017-09-06,0,,,,
2017-09-07,4,6.1,473.34,13.967958242429509,3406.535030143293
2017-09-08,0,,,,
2017-09-09,0,,,,
2017-09-10,1,4.5,508.03,11.55,0.0
2017-09-11,0,,,,
2017-09-12,0,,,,
2017-09-13,3,4.7,581.4,12.233077438168312,3335.7115438194164
2017-09-14,0,,,,
2017-09-15,1,4.5,522.66,11.55,0.0
2017-09-16,2,4.9,539.3299999999999,12.281879480002065,0.0
2017-09-17,2,4.9,576.095,12.247322793708696,0.0
2017-09-18,0,,,,
2017-09-19,0,,,,
2017-09-20,1,5.7,588.0,13.35,0.0
2017-09-21,2,4.5,547.595,11.851029995663982,0.0
2017-09-22,3,4.5,577.39,12.027121254719663,214.234413955871
2017-09-23,1,4.5,525.67,11.55,0.0
2017-09-24,1,4.5,499.86,11.55,0.0
2017-09-25,1,4.6,539.99,11.7,0.0
2017-09-26,3,5.4,556.7333333333333,13.015184488590846,261.8214595906243
2017-09-27,1,4.5,565.85,11.55,0.0
2017-09-28,1,5.4,456.57,12.900000000000002,0.0
2017-09-29,0,,,,
2017-09-30,1,4.7,487.24,11.85,0.0
2017-10-01,1,4.5,571.78,11.55,0.0
2017-10-02,2,4.8,614.245,12.131879480002064,0.0
2017-10-03,1,4.5,515.92,11.55,0.0
2017-10-04,1,4.7,464.66,11.85,0.0
2017-10-05,1,4.6,546.63,11.7,0.0
2017-10-06,0,,,,
2017-10-07,1,4.7,616.3,11.85,0.0
2017-10-08,0,,,,
2017-10-09,0,,,,
2017-10-10,2,4.5,473.415,11.851029995663982,0.0
2017-10-11,0,,,,
2017-10-12,1,4.6,496.12,11.7,0.0
2017-10-13,2,4.6,395.095,11.932474080687586,0.0
2017-10-14,1,4.9,544.1,12.15,0.0
2017-10-15,0,,,,
2017-10-16,4,4.7,536.75,12.28302061017408,106.56965318426172
2017-10-17,1,4.6,535.75,11.7,0.0
2017-10-18,1,4.7,555.13,11.85,0.0
2017-10-19,1,4.5,513.77,11.55,0.0
2017-10-20,1,4.6,582.93,11.7,0.0
2017-10-21,0,,,,
2017-10-22,0,,,,
2017-10-23,2,4.6,554.88,11.932474080687586,0.0
2017-10-24,1,6.7,553.81,14.85,0.0
2017-10-25,0,,,,
2017-10-26,0,,,,
2017-10-27,1,4.5,534.21,11.55,0.0
2017-10-28,1,4.8,615.3,12.0,0.0
2017-10-29,0,,,,
2017-10-30,0,,,,
2017-10-31,1,4.5,520.27,11.55,0.0
2017-11-01,1,4.5,432.65,11.55,0.0
2017-11-02,1,4.5,528.52,11.55,0.0
2017-11-03,1,4.6,565.98,11.7,0.0
2017-11-04,3,4.5,428.3133333333333,12.027121254719663,18.08246611025313
2017-11-05,1,5.5,482.88,13.05,0.0
2017-11-06,2,5.0,415.55,12.431879480002063,0.0
2017-11-07,1,5.7,548.0,13.35,0.0
2017-11-08,2,5.7,583.05,13.356829128312455,0.0
2017-11-09,1,4.7,576.73,11.85,0.0
2017-11-10,2,4.6,365.135,11.932474080687586,0.0
2017-11-11,0,,,,
2017-11-12,2,4.7,511.73,12.026434862436489,0.0
2017-11-13,2,4.7,583.105,12.082474080687588,0.0
2017-11-14,3,5.5,552.7866666666666,13.076633575046277,156.36683057572614
2017-11-15,1,4.5,575.7,11.55,0.0
2017-11-16,2,4.6,358.14,11.932474080687586,0.0
2017-11-17,0,,,,
2017-11-18,0,,,,
2017-11-19,2,4.6,535.44,11.932474080687586,0.0
2017-11-20,0,,,,
2017-11-21,0,,,,
2017-11-22,0,,,,
2017-11-23,0,,,,
2017-11-24,3,4.6,413.8433333333333,12.083077438168312,1307.9773215219163
2017-11-25,0,,,,
2017-11-26,3,4.7,480.4866666666667,12.151545298844896,2825.531002863718
2017-11-27,2,5.1,399.34,12.682474080687586,0.0
2017-11-28,1,4.8,487.61,12.0,0.0
2017-11-29,0,,,,
2017-11-30,4,4.9,499.21,12.418856494521572,4090.958707292203
2017-12-01,1,4.7,565.07,11.85,0.0
2017-12-02,0,,,,
2017-12-03,0,,,,
2017-12-04,0,,,,
2017-12-05,2,4.8,542.655,12.176434862436484,0.0
2017-12-06,1,4.5,322.82,11.55,0.0
2017-12-07,0,,,,
2017-12-08,1,4.9,570.66,12.15,0.0
2017-12-09,0,,,,
2017-12-10,1,4.5,552.62,11.55,0.0
2017-12-11,0,,,,
2017-12-12,0,,,,
2017-12-13,0,,,,
2017-12-14,0,,,,
2017-12-15,0,,,,
2017-12-16,3,5.5,474.70666666666665,13.089302461812064,2986.3513075400965
2017-12-17,0,,,,
2017-12-18,1,4.6,313.32,11.7,0.0
2017-12-19,0,,,,
2017-12-20,1,4.5,506.22,11.55,0.0
2017-12-21,2,4.9,536.435,12.451029995663982,0.0
2017-12-22,0,,,,
2017-12-23,0,,,,
2017-12-24,0,,,,
2017-12-25,1,4.8,554.68,12.0,0.0
2017-12-26,1,4.6,532.61,11.7,0.0
2017-12-27,0,,,,
2017-12-28,1,4.7,449.97,11.85,0.0
2017-12-29,1,4.5,339.98,11.55,0.0
2017-12-30,1,4.6,581.26,11.7,0.0
2017-12-31,0,,,,
2018-01-01,0,,,,
2018-01-02,3,5.9,544.65,13.658243847475251,95.04644388253637
2018-01-03,2,4.7,580.76,12.151029995663984,0.0
2018-01-04,0,,,,
2018-01-05,0,,,,
2018-01-06,1,4.7,497.33,11.85,0.0
2018-01-07,2,4.7,580.79,12.026434862436489,0.0
2018-01-08,3,4.8,502.6366666666666,12.39814620332089,320.5116205576994
2018-01-09,1,4.5,462.35,11.55,0.0
2018-01-10,2,5.0,461.65,12.371081852649532,0.0
2018-01-11,4,5.5,517.285,13.1164810617975,359.56123412066927
2018-01-12,1,4.7,527.19,11.85,0.0
2018-01-13,1,4.5,510.28,11.55,0.0
2018-01-14,2,4.8,539.89,12.176434862436484,0.0
2018-01-15,1,4.5,627.14,11.55,0.0
2018-01-16,1,5.9,666.76,13.650000000000002,0.0
2018-01-17,2,4.6,544.895,11.932474080687586,0.0
2018-01-18,1,5.8,466.2,13.5,0.0
2018-01-19,3,4.5,530.7033333333334,12.027121254719663,141.4382067261739
2018-01-20,2,5.0,440.44000000000005,12.371081852649532,0.0
2018-01-21,0,,,,
2018-01-22,0,,,,
2018-01-23,1,4.6,558.59,11.7,0.0
2018-01-24,2,4.7,477.08,12.026434862436489,0.0
2018-01-25,2,5.8,630.2449999999999,13.513520922108038,0.0
2018-01-26,2,4.7,543.5799999999999,12.082474080687588,0.0
2018-01-27,1,4.7,567.6,11.85,0.0
2018-01-28,1,4.5,512.02,11.55,0.0
2018-01-29,1,4.5,529.05,11.55,0.0
2018-01-30,0,,,,
2018-01-31,0,,,,
2018-02-01,1,4.6,497.31,11.7,0.0
2018-02-02,1,4.8,542.57,12.0,0.0
2018-02-03,0,,,,
2018-02-04,0,,,,
2018-02-05,2,5.4,525.465,12.918978441047736,0.0
2018-02-06,0,,,,
2018-02-07,3,5.3,562.2433333333333,12.811535721539036,137.37114298372208
2018-02-08,0,,,,
2018-02-09,3,6.0,584.01,13.899270338171414,169.83121003860336
2018-02-10,0,,,,
2018-02-11,1,5.5,631.16,13.05,0.0
2018-02-12,0,,,,
2018-02-13,2,4.6,511.755,11.932474080687586,0.0
2018-02-14,0,,,,
2018-02-15,0,,,,
2018-02-16,1,4.8,348.76,12.0,0.0
2018-02-17,0,,,,
2018-02-18,0,,,,
2018-02-19,0,,,,
2018-02-20,1,4.5,538.8,11.55,0.0
2018-02-21,0,,,,
2018-02-22,0,,,,
2018-02-23,0,,,,
2018-02-24,2,4.9,566.88,12.281879480002065,0.0
2018-02-25,1,4.6,592.89,11.7,0.0
2018-02-26,0,,,,
2018-02-27,0,,,,
2018-02-28,1,4.5,303.36,11.55,0.0
2018-03-01,0,,,,
2018-03-02,2,5.4,465.815,12.937077764450722,0.0
2018-03-03,0,,,,
2018-03-04,0,,,,
2018-03-05,2,4.7,609.06,12.026434862436489,0.0
2018-03-06,2,4.5,378.095,11.851029995663982,0.0
2018-03-07,1,4.6,512.86,11.7,0.0
2018-03-08,0,,,,
2018-03-09,1,5.7,540.34,13.35,0.0
2018-03-10,1,4.5,552.98,11.55,0.0
2018-03-11,0,,,,
2018-03-12,1,4.5,492.92,11.55,0.0
2018-03-13,0,,,,
2018-03-14,1,4.7,566.55,11.85,0.0
2018-03-15,1,4.5,590.04,11.55,0.0
2018-03-16,0,,,,
2018-03-17,2,4.9,536.42,12.326434862436486,0.0
2018-03-18,0,,,,
2018-03-19,0,,,,
2018-03-20,1,4.5,597.25,11.55,0.0
2018-03-21,0,,,,
2018-03-22,0,,,,
2018-03-23,2,4.7,526.23,12.082474080687588,0.0
2018-03-24,1,4.6,593.75,11.7,0.0
2018-03-25,3,5.6,533.8766666666667,13.222844726348296,5260.128765891371
2018-03-26,0,,,,
2018-03-27,1,4.7,644.68,11.85,0.0
2018-03-28,1,4.7,536.88,11.85,0.0
2018-03-29,0,,,,
2018-03-30,1,4.6,456.23,11.7,0.0
2018-03-31,1,4.5,497.71,11.55,0.0
2018-04-01,0,,,,
2018-04-02,4,6.8,564.3325,15.001236525766831,9.24734753561721
2018-04-03,2,4.6,545.645,11.932474080687586,0.0
2018-04-04,1,4.5,543.83,11.55,0.0
2018-04-05,2,5.8,443.495,13.506829128312454,0.0
2018-04-06,0,,,,
2018-04-07,1,4.6,579.75,11.7,0.0
2018-04-08,2,4.6,521.985,11.932474080687586,0.0
2018-04-09,0,,,,
2018-04-10,0,,,,
2018-04-11,2,4.7,571.27,12.151029995663984,0.0
2018-04-12,1,4.7,618.21,11.85,0.0
2018-04-13,2,4.5,509.69,11.851029995663982,0.0
2018-04-14,0,,,,
2018-04-15,1,4.6,528.86,11.7,0.0
2018-04-16,3,4.7,478.8866666666667,12.151545298844896,96.2578076386599
2018-04-17,1,4.7,344.59,11.85,0.0
2018-04-18,0,,,,
2018-04-19,0,,,,
2018-04-20,1,4.6,515.91,11.7,0.0
2018-04-21,1,4.8,334.9,12.0,0.0
2018-04-22,0,,,,
2018-04-23,2,5.5,586.98,13.063520922108038,0.0
2018-04-24,1,5.5,531.08,13.05,0.0
2018-04-25,4,4.8,422.5125,12.464948161375172,2850.4508732157296
2018-04-26,1,5.0,360.63,12.3,0.0
2018-04-27,0,,,,
2018-04-28,0,,,,
2018-04-29,1,4.5,489.72,11.55,0.0
2018-04-30,0,,,,
2018-05-01,2,5.9,569.735,13.659615408440144,0.0
2018-05-02,0,,,,
2018-05-03,1,4.5,314.61,11.55,0.0
2018-05-04,0,,,,
2018-05-05,0,,,,
2018-05-06,0,,,,
2018-05-07,0,,,,
2018-05-08,1,4.6,534.96,11.7,0.0
2018-05-09,0,,,,
2018-05-10,3,5.9,565.9133333333333,13.69335206932317,3170.37922371636
2018-05-11,1,4.8,546.31,12.0,0.0
2018-05-12,0,,,,
2018-05-13,3,4.7,578.7933333333334,12.327121254719664,2801.102687857316
2018-05-14,1,4.5,526.31,11.55,0.0
2018-05-15,1,4.6,479.83,11.7,0.0
2018-05-16,1,4.5,490.26,11.55,0.0
2018-05-17,0,,,,
2018-05-18,0,,,,
2018-05-19,0,,,,
2018-05-20,1,4.5,585.67,11.55,0.0
2018-05-21,0,,,,
2018-05-22,2,4.5,527.5,11.851029995663982,0.0
2018-05-23,0,,,,
2018-05-24,1,5.4,473.12,12.900000000000002,0.0
2018-05-25,1,4.5,533.74,11.55,0.0
2018-05-26,1,4.6,537.94,11.7,0.0
2018-05-27,0,,,,
2018-05-28,0,,,,
2018-05-29,0,,,,
2018-05-30,0,,,,
2018-05-31,3,4.6,506.5966666666666,12.083077438168312,330.4687973827273
2018-06-01,2,5.3,452.345,12.776572375596103,0.0
2018-06-02,3,4.9,457.9533333333334,12.442064236471372,2928.7426710604427
2018-06-03,0,,,,
2018-06-04,1,5.3,631.32,12.75,0.0
2018-06-05,0,,,,
2018-06-06,1,4.7,346.95,11.85,0.0
2018-06-07,1,4.6,496.24,11.7,0.0
2018-06-08,1,4.5,342.59,11.55,0.0
2018-06-09,0,,,,
2018-06-10,1,4.8,603.52,12.0,0.0
2018-06-11,0,,,,
2018-06-12,0,,,,
2018-06-13,1,4.6,549.05,11.7,0.0
2018-06-14,0,,,,
2018-06-15,1,4.8,539.45,12.0,0.0
2018-06-16,1,4.6,409.03,11.7,0.0
2018-06-17,2,5.4,574.25,13.076434862436487,0.0
2018-06-18,1,4.5,574.44,11.55,0.0
2018-06-19,2,4.6,553.2049999999999,11.932474080687586,0.0
2018-06-20,1,4.6,495.02,11.7,0.0
2018-06-21,0,,,,
2018-06-22,1,5.3,640.05,12.75,0.0
2018-06-23,1,4.9,327.98,12.15,0.0
2018-06-24,3,4.5,584.26,12.027121254719663,102.12448160722842
2018-06-25,2,4.7,544.76,12.026434862436489,0.0
2018-06-26,0,,,,
2018-06-27,1,4.7,514.17,11.85,0.0
2018-06-28,0,,,,
2018-06-29,3,4.7,543.1233333333333,12.233077438168312,114.5309057180555
2018-06-30,1,4.5,328.66,11.55,0.0
2018-07-01,2,5.6,495.565,13.251496942025229,0.0
2018-07-02,3,5.0,557.03,12.455037268934529,244.4266666955984
2018-07-03,2,4.7,563.7950000000001,12.082474080687588,0.0
2018-07-04,0,,,,
2018-07-05,1,4.5,533.91,11.55,0.0
2018-07-06,0,,,,
2018-07-07,1,4.6,483.47,11.7,0.0
2018-07-08,1,4.5,523.36,11.55,0.0
2018-07-09,0,,,,
2018-07-10,0,,,,
2018-07-11,2,4.7,487.655,12.026434862436489,0.0
2018-07-12,1,5.5,541.3,13.05,0.0
2018-07-13,1,4.5,622.24,11.55,0.0
2018-07-14,1,4.7,321.61,11.85,0.0
2018-07-15,2,5.2,491.455,12.63707776445072,0.0
2018-07-16,0,,,,
2018-07-17,2,4.7,542.94,12.026434862436489,0.0
2018-07-18,1,4.6,532.51,11.7,0.0
2018-07-19,1,4.5,529.73,11.55,0.0
2018-07-20,1,5.6,579.0,13.2,0.0
2018-07-21,0,,,,
2018-07-22,0,,,,
2018-07-23,1,4.5,301.51,11.55,0.0
2018-07-24,0,,,,
2018-07-25,0,,,,
2018-07-26,0,,,,
2018-07-27,0,,,,
2018-07-28,2,6.0,569.49,13.804845729795275,0.0
2018-07-29,0,,,,
2018-07-30,1,4.7,509.16,11.85,0.0
2018-07-31,0,,,,
2018-08-01,0,,,,
2018-08-02,1,4.5,327.74,11.55,0.0
2018-08-03,1,4.6,494.33,11.7,0.0
2018-08-04,1,4.7,616.18,11.85,0.0
2018-08-05,1,4.5,482.24,11.55,0.0
2018-08-06,2,4.5,562.485,11.851029995663982,0.0
2018-08-07,3,4.6,558.1966666666666,12.083077438168312,89.40481492338623
2018-08-08,3,4.9,483.91333333333336,12.326779009088495,288.0143033108927
2018-08-09,0,,,,
2018-08-10,0,,,,
2018-08-11,2,4.6,414.725,11.932474080687586,0.0
2018-08-12,0,,,,
2018-08-13,1,4.5,533.17,11.55,0.0
2018-08-14,2,4.5,476.3,11.851029995663982,0.0
2018-08-15,1,4.5,563.88,11.55,0.0
2018-08-16,0,,,,
2018-08-17,1,6.5,529.0,14.55,0.0
2018-08-18,1,4.6,618.41,11.7,0.0
2018-08-19,80,8.2,564.705875,17.10215705527001,126.48213895105256
2018-08-20,15,5.5,541.872,13.282852356867712,284.42765989775984
2018-08-21,6,5.0,526.4516666666667,12.709253089776084,34.772384258141656
2018-08-22,2,4.8,568.415,12.131879480002064,0.0
2018-08-23,3,5.1,575.9566666666666,12.565184488590845,14.433501053980956
2018-08-24,2,7.1,593.755,15.450054670994684,0.0
2018-08-25,1,4.5,564.83,11.55,0.0
2018-08-26,2,4.5,607.0450000000001,11.851029995663982,0.0
2018-08-27,6,4.7,563.26,12.443225490863863,421.2413626516391
2018-08-28,2,5.7,600.105,13.356829128312455,0.0
2018-08-29,3,4.7,553.97,12.151545298844896,141.06566169435612
2018-08-30,1,4.6,563.15,11.7,0.0
2018-08-31,0,,,,
2018-09-01,2,5.6,382.575,13.209615408440142,0.0
2018-09-02,0,,,,
2018-09-03,0,,,,
2018-09-04,0,,,,
2018-09-05,2,4.8,556.255,12.232474080687586,0.0
2018-09-06,32,7.9,617.8865625,16.65087428920779,348.17307845461823
2018-09-07,1,5.3,603.21,12.75,0.0
2018-09-08,1,4.5,411.16,11.55,0.0
2018-09-09,4,5.5,476.9875,13.089361893534637,456.2920747973723
2018-09-10,2,5.1,592.1800000000001,12.501496942025229,0.0
2018-09-11,3,4.5,484.6133333333333,12.027121254719663,3664.6466012215024
2018-09-12,0,,,,
2018-09-13,0,,,,
2018-09-14,1,4.8,488.84,12.0,0.0
2018-09-15,1,4.9,495.97,12.15,0.0
2018-09-16,5,6.5,533.038,14.56130922750553,370.6855750781161
2018-09-17,4,5.0,569.565,12.533115276445557,3366.684968172018
2018-09-18,1,5.5,516.25,13.05,0.0
2018-09-19,0,,,,
2018-09-20,1,4.5,371.61,11.55,0.0
2018-09-21,2,5.9,645.495,13.826434862436487,0.0
2018-09-22,0,,,,
2018-09-23,2,4.7,574.605,12.082474080687588,0.0
2018-09-24,2,4.5,559.535,11.851029995663982,0.0
2018-09-25,1,4.6,552.66,11.7,0.0
2018-09-26,2,5.8,540.6700000000001,13.518978441047734,0.0
2018-09-27,1,5.4,545.77,12.900000000000002,0.0
2018-09-28,1,4.5,655.81,11.55,0.0
2018-09-29,0,,,,
2018-09-30,1,6.7,550.0,14.85,0.0
2018-10-01,1,4.5,536.94,11.55,0.0
2018-10-02,3,4.8,552.79,12.268578117629064,94.96421113421626
2018-10-03,1,4.5,551.99,11.55,0.0
2018-10-04,2,5.5,570.0999999999999,13.068978441047737,0.0
2018-10-05,1,4.5,375.9,11.55,0.0
2018-10-06,1,4.5,509.88,11.55,0.0
2018-10-07,2,5.6,407.92,13.218978441047732,0.0
2018-10-08,0,,,,
2018-10-09,3,4.9,567.9566666666666,12.39362726604562,3107.141529143098
2018-10-10,1,4.6,580.74,11.7,0.0
2018-10-11,0,,,,
2018-10-12,4,5.1,551.39,12.605218495813205,3504.03706767969
2018-10-13,2,6.7,482.34,14.850217608323264,0.0
2018-10-14,1,4.5,559.14,11.55,0.0
2018-10-15,4,4.9,467.1225,12.442436713940324,4000.532063422389
2018-10-16,2,4.6,593.12,11.932474080687586,0.0
2018-10-17,1,4.6,533.58,11.7,0.0
2018-10-18,0,,,,
2018-10-19,1,5.3,479.47,12.75,0.0
2018-10-20,1,5.6,358.83,13.2,0.0
2018-10-21,2,4.7,598.315,12.151029995663984,0.0
2018-10-22,1,4.6,587.37,11.7,0.0
2018-10-23,2,4.7,525.5350000000001,12.026434862436489,0.0
2018-10-24,1,4.6,526.09,11.7,0.0
2018-10-25,3,4.7,502.2266666666667,12.151545298844896,2505.274658428439
2018-10-26,2,4.9,485.745,12.247322793708696,0.0
2018-10-27,1,4.9,553.39,12.15,0.0
2018-10-28,2,4.7,514.76,12.082474080687588,0.0
2018-10-29,0,,,,
2018-10-30,1,4.5,607.08,11.55,0.0
2018-10-31,1,4.5,515.73,11.55,0.0
2018-11-01,1,4.5,504.09,11.55,0.0
2018-11-02,3,6.0,396.0033333333333,13.805852331793355,3016.480889228358
2018-11-03,3,4.7,483.2966666666666,12.248146203320893,63.84431577116553
2018-11-04,2,6.0,572.355,13.802435376181217,0.0
2018-11-05,1,4.5,599.5,11.55,0.0
2018-11-06,2,4.7,507.545,12.026434862436489,0.0
2018-11-07,1,4.5,540.86,11.55,0.0
2018-11-08,2,5.0,550.645,12.371081852649532,0.0
2018-11-09,2,4.7,449.725,12.026434862436489,0.0
2018-11-10,1,4.9,556.48,12.15,0.0
2018-11-11,0,,,,
2018-11-12,0,,,,
2018-11-13,0,,,,
2018-11-14,1,4.6,513.82,11.7,0.0
2018-11-15,2,4.6,543.205,11.932474080687586,0.0
2018-11-16,0,,,,
2018-11-17,0,,,,
2018-11-18,1,6.8,540.0,15.0,0.0
2018-11-19,1,4.5,517.96,11.55,0.0
2018-11-20,0,,,,
2018-11-21,1,4.6,409.93,11.7,0.0
2018-11-22,1,5.0,532.19,12.3,0.0
2018-11-23,1,4.5,470.25,11.55,0.0
2018-11-24,0,,,,
2018-11-25,0,,,,
2018-11-26,0,,,,
2018-11-27,4,5.7,552.235,13.372875664210495,202.6134191652324
2018-11-28,0,,,,
2018-11-29,0,,,,
2018-11-30,2,4.9,465.49,12.281879480002065,0.0
2018-12-01,2,5.0,527.88,12.431879480002063,0.0
2018-12-02,1,4.7,523.96,11.85,0.0
2018-12-03,1,4.5,447.1,11.55,0.0
2018-12-04,2,4.8,494.84,12.232474080687586,0.0
2018-12-05,6,5.1,507.6333333333334,12.742755301313723,1422.6062157778556
2018-12-06,3,4.9,423.2433333333333,12.326779009088495,2693.9172964752133
2018-12-07,1,4.5,483.17,11.55,0.0
2018-12-08,0,,,,
2018-12-09,3,4.9,475.61,12.464448527210145,3376.6069775574933
2018-12-10,0,,,,
2018-12-11,0,,,,
2018-12-12,1,4.5,309.15,11.55,0.0
2018-12-13,1,4.5,564.71,11.55,0.0
2018-12-14,2,5.1,503.175,12.581879480002062,0.0
2018-12-15,0,,,,
2018-12-16,2,4.5,584.2149999999999,11.851029995663982,0.0
2018-12-17,2,4.8,511.58,12.176434862436484,0.0
2018-12-18,2,4.8,566.1949999999999,12.131879480002064,0.0
2018-12-19,1,4.5,577.8,11.55,0.0
2018-12-20,3,4.9,626.81,12.326779009088495,719.0606658061841
2018-12-21,4,5.0,515.3975,12.55135345702542,1718.8175329141209
2018-12-22,0,,,,
2018-12-23,1,4.5,589.05,11.55,0.0
2018-12-24,0,,,,
2018-12-25,1,4.5,515.56,11.55,0.0
2018-12-26,0,,,,
2018-12-27,0,,,,
2018-12-28,2,4.8,543.8199999999999,12.176434862436484,0.0
2018-12-29,0,,,,
2018-12-30,2,4.7,484.135,12.026434862436489,0.0
2018-12-31,2,4.7,530.825,12.026434862436489,0.0
2019-01-01,2,4.7,545.2049999999999,12.026434862436489,0.0
2019-01-02,0,,,,
2019-01-03,0,,,,
2019-01-04,0,,,,
2019-01-05,2,6.8,502.345,15.000613024402975,0.0
2019-01-06,2,5.2,455.875,12.63707776445072,0.0
2019-01-07,0,,,,
2019-01-08,1,4.5,547.76,11.55,0.0
2019-01-09,2,4.7,511.48,12.082474080687588,0.0
2019-01-10,1,4.7,368.42,11.85,0.0
2019-01-11,1,4.7,539.93,11.85,0.0
2019-01-12,2,4.9,577.53,12.326434862436486,0.0
2019-01-13,2,4.5,496.98,11.851029995663982,0.0
2019-01-14,0,,,,
2019-01-15,1,4.5,585.01,11.55,0.0
2019-01-16,0,,,,
2019-01-17,2,4.7,568.42,12.026434862436489,0.0
2019-01-18,0,,,,
2019-01-19,1,4.5,601.76,11.55,0.0
2019-01-20,0,,,,
2019-01-21,0,,,,
2019-01-22,2,4.6,525.435,11.932474080687586,0.0
2019-01-23,0,,,,
2019-01-24,3,4.6,460.18,12.132639965117058,63.74867779043882
2019-01-25,2,4.5,563.4,11.851029995663982,0.0
2019-01-26,4,6.2,517.7375,14.411815668936578,1469.821315608318
2019-01-27,5,5.8,564.1279999999999,13.533857473205275,2594.6149754727894
2019-01-28,2,5.5,601.95,13.063520922108038,0.0
2019-01-29,2,4.5,493.605,11.851029995663982,0.0
2019-01-30,1,4.7,457.27,11.85,0.0
2019-01-31,4,5.5,531.44,13.101670004090666,326.93833530570936
2019-02-01,2,4.8,550.355,12.131879480002064,0.0
2019-02-02,1,4.6,353.3,11.7,0.0
2019-02-03,0,,,,
2019-02-04,2,4.6,576.7,12.00102999566398,0.0
2019-02-05,0,,,,
2019-02-06,0,,,,
2019-02-07,0,,,,
2019-02-08,1,4.5,548.15,11.55,0.0
2019-02-09,2,4.9,456.335,12.451029995663982,0.0
2019-02-10,2,4.5,579.09,11.851029995663982,0.0
2019-02-11,0,,,,
2019-02-12,0,,,,
2019-02-13,0,,,,
2019-02-14,2,4.5,431.9,11.851029995663982,0.0
2019-02-15,3,4.8,524.1166666666667,12.268578117629064,154.7902556052453
2019-02-16,0,,,,
2019-02-17,4,6.4,529.495,14.403802799174958,1541.926529463136
2019-02-18,3,4.6,511.2033333333334,12.083077438168312,3425.348396331973
2019-02-19,1,4.5,496.48,11.55,0.0
2019-02-20,0,,,,
2019-02-21,1,5.5,614.79,13.05,0.0
2019-02-22,0,,,,
2019-02-23,0,,,,
2019-02-24,0,,,,
2019-02-25,0,,,,
2019-02-26,0,,,,
2019-02-27,1,4.9,587.77,12.15,0.0
2019-02-28,1,4.5,657.62,11.55,0.0
2019-03-01,4,5.5,490.695,13.13739753157826,4838.848865202903
2019-03-02,1,4.5,590.66,11.55,0.0
2019-03-03,0,,,,
2019-03-04,0,,,,
2019-03-05,1,4.5,491.75,11.55,0.0
2019-03-06,0,,,,
2019-03-07,0,,,,
2019-03-08,0,,,,
2019-03-09,1,4.5,385.73,11.55,0.0
2019-03-10,4,6.2,474.2325,14.109242613108352,249.0658444323872
2019-03-11,1,4.6,488.56,11.7,0.0
2019-03-12,2,4.8,581.235,12.30102999566398,0.0
2019-03-13,1,4.5,618.6,11.55,0.0
2019-03-14,0,,,,
2019-03-15,2,6.3,479.425,14.250865668082794,0.0
2019-03-16,0,,,,
2019-03-17,2,4.7,522.14,12.026434862436489,0.0
2019-03-18,0,,,,
2019-03-19,0,,,,
2019-03-20,2,4.7,529.97,12.026434862436489,0.0
2019-03-21,1,4.5,589.78,11.55,0.0
2019-03-22,1,4.5,534.83,11.55,0.0
2019-03-23,4,4.7,527.8675,12.327464858100468,5042.618375212944
2019-03-24,1,4.5,560.69,11.55,0.0
2019-03-25,1,4.5,515.72,11.55,0.0
2019-03-26,0,,,,
2019-03-27,0,,,,
2019-03-28,3,4.8,509.1666666666667,12.344221866731145,3721.1019283457968
2019-03-29,1,4.6,537.93,11.7,0.0
2019-03-30,1,4.8,616.95,12.0,0.0
2019-03-31,1,4.7,577.99,11.85,0.0
2019-04-01,1,4.9,352.63,12.15,0.0
2019-04-02,2,4.7,543.985,12.026434862436489,0.0
2019-04-03,1,4.7,596.0,11.85,0.0
2019-04-04,0,,,,
2019-04-05,2,5.9,481.425,13.653436094751733,0.0
2019-04-06,3,6.3,555.5966666666667,14.253296208270772,2987.0563593811603
2019-04-07,1,4.5,538.84,11.55,0.0
2019-04-08,0,,,,
2019-04-09,0,,,,
2019-04-10,0,,,,
2019-04-11,0,,,,
2019-04-12,2,4.6,579.775,12.00102999566398,0.0
2019-04-13,0,,,,
2019-04-14,1,4.5,577.45,11.55,0.0
2019-04-15,0,,,,
2019-04-16,4,5.0,582.125,12.585603170284717,4808.843142863461
2019-04-17,1,5.0,341.3,12.3,0.0
2019-04-18,0,,,,
2019-04-19,2,4.9,458.73,12.281879480002065,0.0
2019-04-20,3,4.9,503.1066666666666,12.582639965117057,1299.7342927344184
2019-04-21,2,4.8,584.1800000000001,12.176434862436484,0.0
2019-04-22,3,4.9,509.53333333333336,12.326779009088495,3860.787924432656
2019-04-23,3,6.0,492.6366666666667,13.805852331793355,55.35731476415925
2019-04-24,1,5.0,441.63,12.3,0.0
2019-04-25,0,,,,
2019-04-26,1,4.6,524.09,11.7,0.0
2019-04-27,0,,,,
2019-04-28,0,,,,
2019-04-29,1,4.5,313.28,11.55,0.0
2019-04-30,1,4.8,532.42,12.0,0.0
2019-05-01,1,4.6,337.23,11.7,0.0
2019-05-02,2,4.6,559.7,11.932474080687586,0.0
2019-05-03,1,4.6,608.03,11.7,0.0
2019-05-04,1,5.7,327.0,13.35,0.0
2019-05-05,1,5.0,315.56,12.3,0.0
2019-05-06,1,4.8,495.42,12.0,0.0
2019-05-07,1,4.7,514.31,11.85,0.0
2019-05-08,1,4.7,566.8,11.85,0.0
2019-05-09,2,4.6,488.57,11.932474080687586,0.0
2019-05-10,2,4.6,523.895,11.932474080687586,0.0
2019-05-11,1,4.5,366.72,11.55,0.0
2019-05-12,2,4.6,526.72,12.00102999566398,0.0
2019-05-13,2,4.7,457.34,12.026434862436489,0.0
2019-05-14,1,4.5,538.76,11.55,0.0
2019-05-15,0,,,,
2019-05-16,0,,,,
2019-05-17,1,4.5,446.81,11.55,0.0
2019-05-18,1,4.5,603.84,11.55,0.0
2019-05-19,2,4.7,467.72,12.082474080687588,0.0
2019-05-20,0,,,,
2019-05-21,0,,,,
2019-05-22,1,4.6,490.74,11.7,0.0
2019-05-23,0,,,,
2019-05-24,0,,,,
2019-05-25,0,,,,
2019-05-26,2,4.6,548.77,12.00102999566398,0.0
2019-05-27,1,4.9,580.84,12.15,0.0
2019-05-28,1,4.5,563.88,11.55,0.0
2019-05-29,0,,,,
2019-05-30,0,,,,
2019-05-31,2,5.4,587.26,12.918978441047736,0.0
2019-06-01,1,4.5,546.37,11.55,0.0
2019-06-02,1,4.5,542.55,11.55,0.0
2019-06-03,3,4.8,495.0633333333333,12.268578117629064,3095.321227606877
2019-06-04,1,6.4,422.0,14.400000000000002,0.0
2019-06-05,1,5.5,470.06,13.05,0.0
2019-06-06,2,4.5,602.3499999999999,11.851029995663982,0.0
2019-06-07,0,,,,
2019-06-08,2,4.7,554.88,12.026434862436489,0.0
2019-06-09,0,,,,
2019-06-10,0,,,,
2019-06-11,1,4.5,470.8,11.55,0.0
2019-06-12,0,,,,
2019-06-13,0,,,,
2019-06-14,2,4.9,500.315,12.281879480002065,0.0
2019-06-15,1,4.8,515.02,12.0,0.0
2019-06-16,0,,,,
2019-06-17,0,,,,
2019-06-18,2,5.5,582.87,13.063520922108038,0.0
2019-06-19,1,4.5,554.11,11.55,0.0
2019-06-20,3,5.1,531.5766666666667,12.71336104485056,2756.3687987081853
2019-06-21,1,4.5,595.22,11.55,0.0
2019-06-22,1,4.7,587.63,11.85,0.0
2019-06-23,1,4.9,500.26,12.15,0.0
2019-06-24,3,4.9,596.6733333333333,12.464448527210145,3553.4381272663827
2019-06-25,0,,,,
2019-06-26,0,,,,
2019-06-27,3,4.8,547.8733333333333,12.268578117629064,2966.734756420611
2019-06-28,1,6.4,410.0,14.400000000000002,0.0
2019-06-29,0,,,,
2019-06-30,1,4.5,326.24,11.55,0.0
2019-07-01,1,5.9,533.0,13.650000000000002,0.0
2019-07-02,0,,,,
2019-07-03,3,5.8,566.02,13.509637988432862,81.28328524356638
2019-07-04,0,,,,
2019-07-05,1,4.5,487.28,11.55,0.0
2019-07-06,0,,,,
2019-07-07,3,5.2,521.1333333333333,12.892064236471372,6.230530245484739
2019-07-08,0,,,,
2019-07-09,2,5.5,454.445,13.063520922108038,0.0
2019-07-10,1,4.7,517.58,11.85,0.0
2019-07-11,2,6.0,501.725,13.80343609475173,0.0
2019-07-12,0,,,,
2019-07-13,0,,,,
2019-07-14,3,4.6,544.9433333333333,12.083077438168312,113.0526737207029
2019-07-15,1,4.5,391.84,11.55,0.0
2019-07-16,1,4.5,530.13,11.55,0.0
2019-07-17,2,4.7,562.06,12.082474080687588,0.0
2019-07-18,0,,,,
2019-07-19,2,4.5,447.0700000000001,11.851029995663982,0.0
2019-07-20,1,4.5,581.26,11.55,0.0
2019-07-21,2,4.6,426.31,12.00102999566398,0.0
2019-07-22,0,,,,
2019-07-23,0,,,,
2019-07-24,0,,,,
2019-07-25,1,4.7,531.33,11.85,0.0
2019-07-26,1,4.9,578.11,12.15,0.0
2019-07-27,3,6.3,400.4533333333334,14.25365083727766,3222.9420606918347
2019-07-28,0,,,,
2019-07-29,0,,,,
2019-07-30,1,5.2,606.72,12.6,0.0
2019-07-31,1,4.7,316.84,11.85,0.0
2019-08-01,1,4.5,625.95,11.55,0.0
2019-08-02,0,,,,
2019-08-03,1,4.5,667.39,11.55,0.0
2019-08-04,0,,,,
2019-08-05,2,4.8,532.775,12.232474080687586,0.0
2019-08-06,0,,,,
2019-08-07,2,4.7,482.03,12.026434862436489,0.0
2019-08-08,1,4.5,510.09,11.55,0.0
2019-08-09,1,4.7,516.93,11.85,0.0
2019-08-10,1,4.6,567.27,11.7,0.0
2019-08-11,1,4.5,532.02,11.55,0.0
2019-08-12,1,4.7,480.36,11.85,0.0
2019-08-13,1,4.5,540.22,11.55,0.0
2019-08-14,0,,,,
2019-08-15,0,,,,
2019-08-16,2,4.6,445.91,11.932474080687586,0.0
2019-08-17,1,4.6,599.55,11.7,0.0
2019-08-18,1,4.6,564.07,11.7,0.0
2019-08-19,0,,,,
2019-08-20,1,4.5,600.28,11.55,0.0
2019-08-21,0,,,,
2019-08-22,2,5.5,527.9300000000001,13.08707776445072,0.0
2019-08-23,2,4.5,575.8699999999999,11.851029995663982,0.0
2019-08-24,0,,,,
2019-08-25,0,,,,
2019-08-26,0,,,,
2019-08-27,2,4.6,518.955,11.932474080687586,0.0
2019-08-28,0,,,,
2019-08-29,0,,,,
2019-08-30,0,,,,
2019-08-31,0,,,,
2019-09-01,2,6.6,595.53,14.70043407747932,0.0
2019-09-02,0,,,,
2019-09-03,0,,,,
2019-09-04,1,4.7,592.69,11.85,0.0
2019-09-05,0,,,,
2019-09-06,0,,,,
2019-09-07,1,4.5,510.41,11.55,0.0
2019-09-08,2,5.1,481.205,12.521081852649532,0.0
2019-09-09,0,,,,
2019-09-10,0,,,,
2019-09-11,3,5.6,562.2366666666667,13.245914274997643,252.2110039186211
2019-09-12,1,4.7,585.11,11.85,0.0
2019-09-13,0,,,,
2019-09-14,0,,,,
2019-09-15,1,4.5,644.67,11.55,0.0
2019-09-16,2,4.6,560.875,11.932474080687586,0.0
2019-09-17,1,4.9,399.82,12.15,0.0
2019-09-18,1,4.6,534.25,11.7,0.0
2019-09-19,5,6.1,593.078,14.177109243398066,3581.366179510336
2019-09-20,0,,,,
2019-09-21,0,,,,
2019-09-22,2,4.7,526.965,12.026434862436489,0.0
2019-09-23,0,,,,
2019-09-24,1,5.3,523.0,12.75,0.0
2019-09-25,3,4.9,565.3333333333334,12.464448527210145,2751.5382944809007
2019-09-26,0,,,,
2019-09-27,2,4.6,581.13,11.932474080687586,0.0
2019-09-28,0,,,,
2019-09-29,0,,,,
2019-09-30,3,5.0,508.6266666666666,12.532901311711838,3820.0322527379385
2019-10-01,0,,,,
2019-10-02,0,,,,
2019-10-03,1,4.5,560.66,11.55,0.0
2019-10-04,0,,,,
2019-10-05,1,4.7,571.71,11.85,0.0
2019-10-06,0,,,,
2019-10-07,1,4.5,591.84,11.55,0.0
2019-10-08,0,,,,
2019-10-09,2,4.7,485.245,12.082474080687588,0.0
2019-10-10,0,,,,
2019-10-11,1,4.7,482.83,11.85,0.0
2019-10-12,0,,,,
2019-10-13,1,4.6,606.55,11.7,0.0
2019-10-14,1,4.5,512.84,11.55,0.0
2019-10-15,1,4.5,562.78,11.55,0.0
2019-10-16,0,,,,
2019-10-17,0,,,,
2019-10-18,2,5.3,523.69,12.78707776445072,0.0
2019-10-19,0,,,,
2019-10-20,0,,,,
2019-10-21,1,5.3,610.38,12.75,0.0
2019-10-22,0,,,,
2019-10-23,0,,,,
2019-10-24,3,5.2,512.54,12.702760516148048,44.02583583890507
2019-10-25,1,4.8,547.74,12.0,0.0
2019-10-26,1,4.8,609.63,12.0,0.0
2019-10-27,1,4.5,523.15,11.55,0.0
2019-10-28,1,4.6,536.14,11.7,0.0
2019-10-29,0,,,,
2019-10-30,1,4.6,407.07,11.7,0.0
2019-10-31,3,5.0,517.4066666666666,12.455037268934529,1227.8973124950946
2019-11-01,0,,,,
2019-11-02,1,4.5,304.67,11.55,0.0
2019-11-03,1,4.6,564.07,11.7,0.0
2019-11-04,0,,,,
2019-11-05,1,4.5,502.67,11.55,0.0
2019-11-06,0,,,,
2019-11-07,0,,,,
2019-11-08,3,6.5,482.1433333333334,14.552157882123424,2968.5500197656884
2019-11-09,0,,,,
2019-11-10,0,,,,
2019-11-11,0,,,,
2019-11-12,0,,,,
2019-11-13,3,4.6,513.4499999999999,12.132639965117058,2877.6695012971786
2019-11-14,2,4.6,567.705,11.932474080687586,0.0
2019-11-15,0,,,,
2019-11-16,0,,,,
2019-11-17,2,5.8,499.16,13.504845729795276,0.0
2019-11-18,0,,,,
2019-11-19,0,,,,
2019-11-20,2,6.3,551.89,14.253436094751727,0.0
2019-11-21,1,4.9,397.79,12.15,0.0
2019-11-22,0,,,,
2019-11-23,2,4.8,347.905,12.232474080687586,0.0
2019-11-24,0,,,,
2019-11-25,0,,,,
2019-11-26,0,,,,
2019-11-27,2,5.5,575.395,13.068978441047737,0.0
2019-11-28,0,,,,
2019-11-29,1,4.5,513.6,11.55,0.0
2019-11-30,1,5.5,614.01,13.05,0.0
2019-12-01,0,,,,
2019-12-02,0,,,,
2019-12-03,1,4.5,303.98,11.55,0.0
2019-12-04,1,4.5,388.35,11.55,0.0
2019-12-05,1,4.5,303.21,11.55,0.0
2019-12-06,0,,,,
2019-12-07,0,,,,
2019-12-08,0,,,,
2019-12-09,3,4.6,568.5966666666667,12.083077438168312,2475.0218071983068
2019-12-10,1,4.5,438.14,11.55,0.0
2019-12-11,1,4.5,583.98,11.55,0.0
2019-12-12,0,,,,
2019-12-13,1,4.5,525.23,11.55,0.0
2019-12-14,0,,,,
2019-12-15,0,,,,
2019-12-16,1,4.5,574.32,11.55,0.0
2019-12-17,1,5.0,540.71,12.3,0.0
2019-12-18,1,4.8,541.41,12.0,0.0
2019-12-19,3,5.6,574.1566666666666,13.261535721539037,153.09591273657122
2019-12-20,0,,,,
2019-12-21,1,4.5,436.6,11.55,0.0
2019-12-22,1,4.5,568.88,11.55,0.0
2019-12-23,1,4.7,602.05,11.85,0.0
2019-12-24,1,6.0,572.44,13.8,0.0
2019-12-25,0,,,,
2019-12-26,2,4.8,570.815,12.131879480002064,0.0
2019-12-27,1,4.5,566.28,11.55,0.0
2019-12-28,0,,,,
2019-12-29,2,4.5,492.32,11.851029995663982,0.0
2019-12-30,0,,,,
2019-12-31,1,4.6,525.99,11.7,0.0
2020-01-01,1,4.5,321.34,11.55,0.0
2020-01-02,1,4.5,577.59,11.55,0.0
2020-01-03,0,,,,
2020-01-04,2,5.1,420.32,12.501496942025229,0.0
2020-01-05,2,4.7,556.7750000000001,12.026434862436489,0.0
2020-01-06,0,,,,
2020-01-07,1,4.5,515.05,11.55,0.0
2020-01-08,1,4.6,617.29,11.7,0.0
2020-01-09,2,4.6,536.1850000000001,11.932474080687586,0.0
2020-01-10,0,,,,
2020-01-11,1,4.8,520.58,12.0,0.0
2020-01-12,2,4.8,385.165,12.131879480002064,0.0
2020-01-13,2,4.8,546.915,12.131879480002064,0.0
2020-01-14,0,,,,
2020-01-15,1,5.0,505.76,12.3,0.0
2020-01-16,0,,,,
2020-01-17,0,,,,
2020-01-18,1,4.7,533.74,11.85,0.0
2020-01-19,0,,,,
2020-01-20,1,4.5,586.15,11.55,0.0
2020-01-21,0,,,,
2020-01-22,3,4.7,533.1933333333333,12.151545298844896,5386.601228851911
2020-01-23,4,5.5,507.9575,13.1164810617975,5267.557594607971
2020-01-24,0,,,,
2020-01-25,0,,,,
2020-01-26,0,,,,
2020-01-27,0,,,,
2020-01-28,1,5.0,490.68,12.3,0.0
2020-01-29,0,,,,
2020-01-30,0,,,,
2020-01-31,2,5.7,521.65,13.356829128312455,0.0
2020-02-01,0,,,,
2020-02-02,4,4.9,474.075,12.418856494521572,3055.8167383889468
2020-02-03,1,4.7,621.29,11.85,0.0
2020-02-04,2,4.5,514.64,11.851029995663982,0.0
2020-02-05,2,6.2,592.505,14.10122228652714,0.0
2020-02-06,2,4.6,565.875,11.932474080687586,0.0
2020-02-07,2,4.6,586.3499999999999,11.932474080687586,0.0
2020-02-08,1,4.6,585.41,11.7,0.0
2020-02-09,3,5.5,542.92,13.076633575046277,1551.5310880309137
2020-02-10,3,4.6,533.5633333333334,12.132639965117058,168.31241315379913
2020-02-11,4,5.4,517.015,12.968504905728516,179.64351411827468
2020-02-12,1,5.1,552.01,12.45,0.0
2020-02-13,0,,,,
2020-02-14,0,,,,
2020-02-15,1,4.5,594.59,11.55,0.0
2020-02-16,1,4.5,406.77,11.55,0.0
2020-02-17,1,4.5,558.59,11.55,0.0
2020-02-18,1,4.7,405.65,11.85,0.0
2020-02-19,1,4.5,500.26,11.55,0.0
2020-02-20,0,,,,
2020-02-21,0,,,,
2020-02-22,0,,,,
2020-02-23,0,,,,
2020-02-24,1,4.6,470.91,11.7,0.0
2020-02-25,1,4.9,522.4,12.15,0.0
2020-02-26,1,4.6,596.37,11.7,0.0
2020-02-27,2,4.7,493.135,12.026434862436489,0.0
2020-02-28,1,4.5,445.18,11.55,0.0
2020-02-29,0,,,,
2020-03-01,3,4.9,466.9666666666666,12.355746090539691,3280.735974072425
2020-03-02,1,4.5,533.04,11.55,0.0
2020-03-03,0,,,,
2020-03-04,2,4.6,551.3299999999999,11.932474080687586,0.0
2020-03-05,0,,,,
2020-03-06,0,,,,
2020-03-07,0,,,,
2020-03-08,2,4.5,546.42,11.851029995663982,0.0
2020-03-09,1,4.8,529.41,12.0,0.0
2020-03-10,0,,,,
2020-03-11,0,,,,
2020-03-12,0,,,,
2020-03-13,1,4.6,543.85,11.7,0.0
2020-03-14,2,4.6,590.27,12.00102999566398,0.0
2020-03-15,3,4.9,429.2533333333333,12.326779009088495,1365.587306058148
2020-03-16,1,4.5,505.74,11.55,0.0
2020-03-17,1,4.5,526.41,11.55,0.0
2020-03-18,1,4.5,523.81,11.55,0.0
2020-03-19,0,,,,
2020-03-20,1,4.6,506.03,11.7,0.0
2020-03-21,0,,,,
2020-03-22,1,5.0,313.55,12.3,0.0
2020-03-23,3,5.5,500.6366666666666,13.290441550112089,1.079703302496582
2020-03-24,0,,,,
2020-03-25,0,,,,
2020-03-26,0,,,,
2020-03-27,1,5.2,597.13,12.6,0.0
2020-03-28,1,5.3,590.05,12.75,0.0
2020-03-29,0,,,,
2020-03-30,0,,,,
2020-03-31,0,,,,
2020-04-01,0,,,,
2020-04-02,1,5.2,408.54,12.6,0.0
2020-04-03,0,,,,
2020-04-04,0,,,,
2020-04-05,0,,,,
2020-04-06,0,,,,
2020-04-07,2,5.0,510.82,12.371081852649532,0.0
2020-04-08,1,5.5,422.0,13.05,0.0
2020-04-09,0,,,,
2020-04-10,0,,,,
2020-04-11,1,4.6,385.7,11.7,0.0
2020-04-12,0,,,,
2020-04-13,0,,,,
2020-04-14,0,,,,
2020-04-15,1,5.2,561.96,12.6,0.0
2020-04-16,1,4.6,513.96,11.7,0.0
2020-04-17,0,,,,
2020-04-18,2,6.6,463.345,14.718978441047732,0.0
2020-04-19,0,,,,
2020-04-20,0,,,,
2020-04-21,2,4.9,559.48,12.281879480002065,0.0
2020-04-22,1,4.6,473.67,11.7,0.0
2020-04-23,1,4.6,531.42,11.7,0.0
2020-04-24,1,4.8,495.38,12.0,0.0
2020-04-25,2,4.5,514.0450000000001,11.851029995663982,0.0
2020-04-26,1,4.8,616.85,12.0,0.0
2020-04-27,0,,,,
2020-04-28,0,,,,
2020-04-29,1,4.6,578.03,11.7,0.0
2020-04-30,1,4.6,538.15,11.7,0.0
2020-05-01,4,4.9,498.8725,12.39392209885129,266.6574263173133
2020-05-02,0,,,,
2020-05-03,1,4.6,517.81,11.7,0.0
2020-05-04,0,,,,
2020-05-05,0,,,,
2020-05-06,0,,,,
2020-05-07,1,6.1,471.17,13.95,0.0
2020-05-08,0,,,,
2020-05-09,0,,,,
2020-05-10,2,4.6,441.375,11.932474080687586,0.0
2020-05-11,2,4.5,409.3200000000001,11.851029995663982,0.0
2020-05-12,2,4.8,423.885,12.176434862436484,0.0
2020-05-13,0,,,,
2020-05-14,1,4.5,522.41,11.55,0.0
2020-05-15,2,5.1,464.05,12.581879480002062,0.0
2020-05-16,0,,,,
2020-05-17,1,5.4,459.12,12.900000000000002,0.0
2020-05-18,2,4.5,500.765,11.851029995663982,0.0
2020-05-19,2,4.6,550.385,11.932474080687586,0.0
2020-05-20,0,,,,
2020-05-21,2,4.6,525.315,11.932474080687586,0.0
2020-05-22,0,,,,
2020-05-23,1,4.8,354.08,12.0,0.0
2020-05-24,1,4.5,556.96,11.55,0.0
2020-05-25,1,4.5,539.27,11.55,0.0
2020-05-26,1,4.5,558.12,11.55,0.0
2020-05-27,1,4.6,561.57,11.7,0.0
2020-05-28,0,,,,
2020-05-29,1,5.0,594.75,12.3,0.0
2020-05-30,1,4.6,608.73,11.7,0.0
2020-05-31,1,4.5,527.17,11.55,0.0
2020-06-01,0,,,,
2020-06-02,0,,,,
2020-06-03,2,5.7,573.335,13.356829128312455,0.0
2020-06-04,0,,,,
2020-06-05,0,,,,
2020-06-06,1,5.0,576.29,12.3,0.0
2020-06-07,0,,,,
2020-06-08,1,4.9,530.0,12.15,0.0
2020-06-09,0,,,,
2020-06-10,1,5.9,541.31,13.650000000000002,0.0
2020-06-11,0,,,,
2020-06-12,0,,,,
2020-06-13,1,6.2,622.0,14.1,0.0
2020-06-14,1,4.6,555.36,11.7,0.0
2020-06-15,0,,,,
2020-06-16,0,,,,
2020-06-17,0,,,,
2020-06-18,1,4.9,610.69,12.15,0.0
2020-06-19,1,5.6,544.04,13.2,0.0
2020-06-20,2,4.5,527.27,11.851029995663982,0.0
2020-06-21,0,,,,
2020-06-22,0,,,,
2020-06-23,0,,,,
2020-06-24,0,,,,
2020-06-25,1,4.5,569.01,11.55,0.0
2020-06-26,1,4.5,422.54,11.55,0.0
2020-06-27,0,,,,
2020-06-28,2,4.7,585.935,12.026434862436489,0.0
2020-06-29,0,,,,
2020-06-30,2,4.9,596.5699999999999,12.247322793708696,0.0
2020-07-01,0,,,,
2020-07-02,0,,,,
2020-07-03,0,,,,
2020-07-04,0,,,,
2020-07-05,1,4.5,581.39,11.55,0.0
2020-07-06,4,6.6,485.78,14.719859084958143,2656.482017713645
2020-07-07,2,4.7,498.99,12.026434862436489,0.0
2020-07-08,1,4.8,585.26,12.0,0.0
2020-07-09,0,,,,
2020-07-10,0,,,,
2020-07-11,0,,,,
2020-07-12,1,4.5,525.17,11.55,0.0
2020-07-13,0,,,,
2020-07-14,1,5.7,584.48,13.35,0.0
2020-07-15,2,4.9,567.43,12.247322793708696,0.0
2020-07-16,2,5.1,476.53,12.501496942025229,0.0
2020-07-17,0,,,,
2020-07-18,1,4.6,605.76,11.7,0.0
2020-07-19,1,4.7,597.99,11.85,0.0
2020-07-20,0,,,,
2020-07-21,1,6.0,605.2,13.8,0.0
2020-07-22,0,,,,
2020-07-23,1,4.6,563.82,11.7,0.0
2020-07-24,1,4.8,586.53,12.0,0.0
2020-07-25,1,5.4,553.92,12.900000000000002,0.0
2020-07-26,0,,,,
2020-07-27,0,,,,
2020-07-28,1,4.9,529.3,12.15,0.0
2020-07-29,1,4.5,599.69,11.55,0.0
2020-07-30,0,,,,
2020-07-31,2,5.2,467.01,12.63707776445072,0.0
2020-08-01,2,6.4,523.64,14.402435376181218,0.0
2020-08-02,0,,,,
2020-08-03,2,4.5,549.5450000000001,11.851029995663982,0.0
2020-08-04,0,,,,
2020-08-05,3,4.6,601.3666666666667,12.177121254719662,581.6708267033523
2020-08-06,1,5.2,376.26,12.6,0.0
2020-08-07,2,4.5,546.02,11.851029995663982,0.0
2020-08-08,0,,,,
2020-08-09,0,,,,
2020-08-10,0,,,,
2020-08-11,0,,,,
2020-08-12,0,,,,
2020-08-13,0,,,,
2020-08-14,0,,,,
2020-08-15,0,,,,
2020-08-16,2,5.2,502.625,12.901029995663984,0.0
2020-08-17,1,5.1,583.53,12.45,0.0
2020-08-18,1,4.7,601.74,11.85,0.0
2020-08-19,1,4.7,432.92,11.85,0.0
2020-08-20,0,,,,
2020-08-21,2,6.9,628.425,15.15043407747932,0.0
2020-08-22,2,4.6,540.2449999999999,12.00102999566398,0.0
2020-08-23,0,,,,
2020-08-24,0,,,,
2020-08-25,2,4.6,400.0700000000001,11.932474080687586,0.0
2020-08-26,1,4.5,380.17,11.55,0.0
2020-08-27,1,4.9,308.76,12.15,0.0
2020-08-28,1,4.8,401.68,12.0,0.0
2020-08-29,1,4.5,543.46,11.55,0.0
2020-08-30,1,4.7,646.8,11.85,0.0
2020-08-31,1,4.5,308.16,11.55,0.0
2020-09-01,1,4.7,524.01,11.85,0.0
2020-09-02,1,4.9,571.69,12.15,0.0
2020-09-03,0,,,,
2020-09-04,0,,,,
2020-09-05,0,,,,
2020-09-06,0,,,,
2020-09-07,0,,,,
2020-09-08,1,4.7,468.39,11.85,0.0
2020-09-09,2,5.2,422.09,12.651496942025233,0.0
2020-09-10,1,4.5,486.05,11.55,0.0
2020-09-11,0,,,,
2020-09-12,1,5.6,559.66,13.2,0.0
2020-09-13,0,,,,
2020-09-14,2,4.6,529.83,11.932474080687586,0.0
2020-09-15,2,6.4,446.07,14.400613024402976,0.0
2020-09-16,1,4.5,425.39,11.55,0.0
2020-09-17,0,,,,
2020-09-18,0,,,,
2020-09-19,0,,,,
2020-09-20,0,,,,
2020-09-21,0,,,,
2020-09-22,0,,,,
2020-09-23,0,,,,
2020-09-24,1,4.5,517.89,11.55,0.0
2020-09-25,0,,,,
2020-09-26,0,,,,
2020-09-27,1,4.5,574.82,11.55,0.0
2020-09-28,0,,,,
2020-09-29,1,4.5,490.45,11.55,0.0
2020-09-30,0,,,,
2020-10-01,2,4.5,548.185,11.851029995663982,0.0
2020-10-02,0,,,,
2020-10-03,2,4.6,499.185,11.932474080687586,0.0
2020-10-04,1,4.6,565.52,11.7,0.0
2020-10-05,0,,,,
2020-10-06,2,5.9,639.3199999999999,13.654845729795278,0.0
2020-10-07,1,4.7,600.56,11.85,0.0
2020-10-08,1,5.0,523.65,12.3,0.0
2020-10-09,0,,,,
2020-10-10,0,,,,
2020-10-11,0,,,,
2020-10-12,1,5.1,411.43,12.45,0.0
2020-10-13,0,,,,
2020-10-14,0,,,,
2020-10-15,0,,,,
2020-10-16,1,4.6,539.09,11.7,0.0
2020-10-17,0,,,,
2020-10-18,2,4.6,491.38,11.932474080687586,0.0
2020-10-19,2,5.2,467.225,12.63707776445072,0.0
2020-10-20,0,,,,
2020-10-21,1,4.5,313.9,11.55,0.0
2020-10-22,0,,,,
2020-10-23,3,6.1,515.07,13.955852331793356,91.14538582379927
2020-10-24,1,4.7,591.36,11.85,0.0
2020-10-25,0,,,,
2020-10-26,0,,,,
2020-10-27,0,,,,
2020-10-28,1,4.7,523.98,11.85,0.0
2020-10-29,0,,,,
2020-10-30,2,5.3,546.6600000000001,12.982474080687586,0.0
2020-10-31,3,5.1,539.4733333333334,12.547529771719718,2822.9548636679287
2020-11-01,0,,,,
2020-11-02,0,,,,
2020-11-03,2,5.7,443.27,13.356829128312455,0.0
2020-11-04,1,4.6,599.29,11.7,0.0
2020-11-05,1,4.5,423.3,11.55,0.0
2020-11-06,0,,,,
2020-11-07,0,,,,
2020-11-08,0,,,,
2020-11-09,0,,,,
2020-11-10,0,,,,
2020-11-11,2,6.0,497.055,13.802435376181217,0.0
2020-11-12,2,5.1,568.2850000000001,12.521081852649532,0.0
2020-11-13,0,,,,
2020-11-14,2,4.6,461.635,12.00102999566398,0.0
2020-11-15,0,,,,
2020-11-16,0,,,,
2020-11-17,1,4.5,532.15,11.55,0.0
2020-11-18,1,5.1,366.31,12.45,0.0
2020-11-19,1,5.0,532.46,12.3,0.0
2020-11-20,0,,,,
2020-11-21,0,,,,
2020-11-22,2,4.6,475.37,11.932474080687586,0.0
2020-11-23,1,4.9,567.28,12.15,0.0
2020-11-24,1,4.5,438.01,11.55,0.0
2020-11-25,0,,,,
2020-11-26,0,,,,
2020-11-27,1,4.6,478.62,11.7,0.0
2020-11-28,0,,,,
2020-11-29,1,5.4,462.3,12.900000000000002,0.0
2020-11-30,4,6.4,441.36,14.402088416533491,2605.7256063170944
2020-12-01,0,,,,
2020-12-02,0,,,,
2020-12-03,0,,,,
2020-12-04,2,4.8,367.89,12.131879480002064,0.0
2020-12-05,0,,,,
2020-12-06,1,4.7,632.19,11.85,0.0
2020-12-07,2,5.4,610.7049999999999,12.951496942025232,0.0
2020-12-08,0,,,,
2020-12-09,0,,,,
2020-12-10,1,5.2,577.71,12.6,0.0
2020-12-11,2,4.7,530.66,12.082474080687588,0.0
2020-12-12,0,,,,
2020-12-13,0,,,,
2020-12-14,4,5.6,562.6475,13.244506015975327,94.831629720169
2020-12-15,1,4.6,522.73,11.7,0.0
2020-12-16,2,4.6,569.2149999999999,12.00102999566398,0.0
2020-12-17,1,4.5,544.09,11.55,0.0
2020-12-18,2,4.6,514.165,11.932474080687586,0.0
2020-12-19,1,4.6,490.4,11.7,0.0
2020-12-20,1,4.8,557.94,12.0,0.0
2020-12-21,1,4.9,450.79,12.15,0.0
2020-12-22,0,,,,
2020-12-23,1,4.5,550.97,11.55,0.0
2020-12-24,1,4.7,482.63,11.85,0.0
2020-12-25,0,,,,
2020-12-26,1,4.5,501.09,11.55,0.0
2020-12-27,1,4.6,540.95,11.7,0.0
2020-12-28,1,4.7,441.93,11.85,0.0
2020-12-29,0,,,,
2020-12-30,4,4.6,509.895,12.194688413660042,2723.4665648051155
2020-12-31,4,4.7,548.4775,12.28302061017408,290.84001344682804
2021-01-01,0,,,,
2021-01-02,1,4.5,552.92,11.55,0.0
2021-01-03,1,4.5,595.64,11.55,0.0
2021-01-04,1,4.5,486.24,11.55,0.0
2021-01-05,0,,,,
2021-01-06,1,5.0,537.32,12.3,0.0
2021-01-07,0,,,,
2021-01-08,2,5.2,471.545,12.776434862436489,0.0
2021-01-09,3,5.2,499.4666666666667,12.785440532855828,351.97204388520964
2021-01-10,2,4.6,502.62,12.00102999566398,0.0
2021-01-11,4,5.6,553.7149999999999,13.273294332428073,3026.715867366798
2021-01-12,1,4.5,565.43,11.55,0.0
2021-01-13,1,4.5,546.39,11.55,0.0
2021-01-14,1,4.6,550.65,11.7,0.0
2021-01-15,2,5.2,492.785,12.63707776445072,0.0
2021-01-16,1,4.6,350.63,11.7,0.0
2021-01-17,1,4.5,548.09,11.55,0.0
2021-01-18,0,,,,
2021-01-19,2,5.4,490.895,12.937077764450722,0.0
2021-01-20,3,5.6,534.6766666666666,13.235623004585923,2044.87456205694
2021-01-21,2,4.5,432.455,11.851029995663982,0.0
2021-01-22,0,,,,
2021-01-23,2,5.5,474.73,13.063520922108038,0.0
2021-01-24,3,5.0,402.73333333333335,12.455037268934529,45.872518663010034
2021-01-25,1,4.5,530.58,11.55,0.0
2021-01-26,3,4.9,534.92,12.464448527210145,111.34345001607238
2021-01-27,1,4.8,559.95,12.0,0.0
2021-01-28,1,4.5,599.36,11.55,0.0
2021-01-29,0,,,,
2021-01-30,1,4.5,480.99,11.55,0.0
2021-01-31,2,4.6,525.105,11.932474080687586,0.0
2021-02-01,0,,,,
2021-02-02,0,,,,
2021-02-03,1,4.8,530.2,12.0,0.0
2021-02-04,0,,,,
2021-02-05,2,4.7,387.685,12.026434862436489,0.0
2021-02-06,0,,,,
2021-02-07,1,5.0,369.42,12.3,0.0
2021-02-08,3,5.5,428.8666666666666,13.08192976350174,422.2678151861021
2021-02-09,0,,,,
2021-02-10,3,4.8,566.19,12.39814620332089,199.2041115246338
2021-02-11,0,,,,
2021-02-12,1,4.5,578.66,11.55,0.0
2021-02-13,1,4.5,664.74,11.55,0.0
2021-02-14,0,,,,
2021-02-15,1,4.8,494.79,12.0,0.0
2021-02-16,3,5.1,562.8733333333333,12.718578117629065,3571.5228848974066
2021-02-17,0,,,,
2021-02-18,1,4.5,535.2,11.55,0.0
2021-02-19,0,,,,
2021-02-20,1,4.6,460.61,11.7,0.0
2021-02-21,2,4.9,577.94,12.247322793708696,0.0
2021-02-22,1,4.6,584.69,11.7,0.0
2021-02-23,0,,,,
2021-02-24,0,,,,
2021-02-25,0,,,,
2021-02-26,2,4.7,545.355,12.026434862436489,0.0
2021-02-27,1,5.6,552.09,13.2,0.0
2021-02-28,1,4.5,529.03,11.55,0.0
2021-03-01,0,,,,
2021-03-02,2,4.6,549.25,11.932474080687586,0.0
2021-03-03,2,5.4,462.805,12.951496942025232,0.0
2021-03-04,3,5.0,393.96,12.505746090539692,640.4530860543131
2021-03-05,2,4.8,545.4449999999999,12.131879480002064,0.0
2021-03-06,0,,,,
2021-03-07,1,4.6,475.59,11.7,0.0
2021-03-08,1,4.5,572.48,11.55,0.0
2021-03-09,1,4.6,598.14,11.7,0.0
2021-03-10,3,5.9,516.87,13.659637988432864,202.3568158849588
2021-03-11,0,,,,
2021-03-12,1,5.8,541.0,13.5,0.0
2021-03-13,1,4.6,524.19,11.7,0.0
2021-03-14,1,4.5,509.68,11.55,0.0
2021-03-15,2,4.8,527.3,12.131879480002064,0.0
2021-03-16,1,4.8,586.38,12.0,0.0
2021-03-17,0,,,,
2021-03-18,0,,,,
2021-03-19,0,,,,
2021-03-20,0,,,,
2021-03-21,2,5.3,548.14,12.776572375596103,0.0
2021-03-22,1,4.5,557.06,11.55,0.0
2021-03-23,1,4.5,549.39,11.55,0.0
2021-03-24,1,4.9,569.34,12.15,0.0
2021-03-25,2,5.5,494.255,13.063520922108038,0.0
2021-03-26,1,4.5,575.92,11.55,0.0
2021-03-27,0,,,,
2021-03-28,1,4.7,501.28,11.85,0.0
2021-03-29,0,,,,
2021-03-30,0,,,,
2021-03-31,2,4.6,580.2,11.932474080687586,0.0
2021-04-01,1,6.0,595.0,13.8,0.0
2021-04-02,1,4.6,605.68,11.7,0.0
2021-04-03,1,5.9,326.0,13.650000000000002,0.0
2021-04-04,2,4.6,568.17,11.932474080687586,0.0
2021-04-05,1,4.6,632.1,11.7,0.0
2021-04-06,0,,,,
2021-04-07,1,5.6,427.55,13.2,0.0
2021-04-08,2,5.0,537.775,12.371081852649532,0.0
2021-04-09,3,4.7,551.6266666666667,12.248146203320893,211.6450100679909
2021-04-10,3,6.1,404.79,13.959226613259396,2847.9296630214103
2021-04-11,1,4.6,435.99,11.7,0.0
2021-04-12,0,,,,
2021-04-13,1,4.6,536.1,11.7,0.0
2021-04-14,0,,,,
2021-04-15,0,,,,
2021-04-16,1,5.4,577.73,12.900000000000002,0.0
2021-04-17,0,,,,
2021-04-18,1,4.5,578.94,11.55,0.0
2021-04-19,1,4.8,616.53,12.0,0.0
2021-04-20,2,4.5,502.28,11.851029995663982,0.0
2021-04-21,0,,,,
2021-04-22,2,4.5,570.27,11.851029995663982,0.0
2021-04-23,2,5.1,521.905,12.626434862436485,0.0
2021-04-24,1,6.5,301.0,14.55,0.0
2021-04-25,1,4.5,523.74,11.55,0.0
2021-04-26,0,,,,
2021-04-27,1,4.5,517.86,11.55,0.0
2021-04-28,1,4.5,523.22,11.55,0.0
2021-04-29,1,4.5,595.6,11.55,0.0
2021-04-30,0,,,,
2021-05-01,0,,,,
2021-05-02,0,,,,
2021-05-03,3,4.8,486.3833333333334,12.268578117629064,62.402367295901584
2021-05-04,0,,,,
2021-05-05,0,,,,
2021-05-06,1,4.6,414.29,11.7,0.0
2021-05-07,1,6.1,384.0,13.95,0.0
2021-05-08,0,,,,
2021-05-09,0,,,,
2021-05-10,0,,,,
2021-05-11,0,,,,
2021-05-12,0,,,,
2021-05-13,1,5.7,415.63,13.35,0.0
2021-05-14,0,,,,
2021-05-15,0,,,,
2021-05-16,0,,,,
2021-05-17,0,,,,
2021-05-18,2,4.8,494.135,12.176434862436484,0.0
2021-05-19,1,5.1,596.07,12.45,0.0
2021-05-20,1,4.5,551.99,11.55,0.0
2021-05-21,0,,,,
2021-05-22,3,5.0,499.3966666666667,12.455037268934529,275.1748086822428
2021-05-23,0,,,,
2021-05-24,1,4.5,617.55,11.55,0.0
2021-05-25,0,,,,
2021-05-26,0,,,,
2021-05-27,0,,,,
2021-05-28,2,4.7,554.785,12.082474080687588,0.0
2021-05-29,0,,,,
2021-05-30,2,5.4,523.51,13.132474080687588,0.0
2021-05-31,0,,,,
2021-06-01,1,4.8,580.97,12.0,0.0
2021-06-02,1,4.9,593.58,12.15,0.0
2021-06-03,0,,,,
2021-06-04,0,,,,
2021-06-05,1,4.5,617.84,11.55,0.0
2021-06-06,1,5.6,432.0,13.2,0.0
2021-06-07,0,,,,
2021-06-08,0,,,,
2021-06-09,1,4.5,578.78,11.55,0.0
2021-06-10,0,,,,
2021-06-11,0,,,,
2021-06-12,0,,,,
2021-06-13,0,,,,
2021-06-14,1,4.6,465.47,11.7,0.0
2021-06-15,0,,,,
2021-06-16,0,,,,
2021-06-17,0,,,,
2021-06-18,3,4.7,516.7033333333334,12.151545298844896,257.2483540748231
2021-06-19,1,4.5,494.87,11.55,0.0
2021-06-20,0,,,,
2021-06-21,0,,,,
2021-06-22,1,4.6,520.17,11.7,0.0
2021-06-23,2,4.7,462.335,12.026434862436489,0.0
2021-06-24,1,5.7,337.0,13.35,0.0
2021-06-25,1,4.6,444.61,11.7,0.0
2021-06-26,0,,,,
2021-06-27,1,4.5,498.55,11.55,0.0
2021-06-28,0,,,,
2021-06-29,3,4.6,524.3933333333333,12.083077438168312,39.54468304754074
2021-06-30,1,4.6,493.72,11.7,0.0
2021-07-01,0,,,,
2021-07-02,1,6.1,599.56,13.95,0.0
2021-07-03,0,,,,
2021-07-04,2,4.9,560.26,12.247322793708696,0.0
2021-07-05,2,4.9,547.0999999999999,12.326434862436486,0.0
2021-07-06,1,4.5,567.48,11.55,0.0
2021-07-07,3,5.9,474.0,13.658243847475251,3835.3892596729806
2021-07-08,0,,,,
2021-07-09,3,4.6,445.2266666666667,12.083077438168312,2667.7596563207217
2021-07-10,0,,,,
2021-07-11,0,,,,
2021-07-12,0,,,,
2021-07-13,1,4.5,481.71,11.55,0.0
2021-07-14,1,5.0,628.49,12.3,0.0
2021-07-15,0,,,,
2021-07-16,0,,,,
2021-07-17,1,5.5,563.0,13.05,0.0
2021-07-18,2,4.5,506.9450000000001,11.851029995663982,0.0
2021-07-19,0,,,,
2021-07-20,0,,,,
2021-07-21,0,,,,
2021-07-22,1,4.5,502.85,11.55,0.0
2021-07-23,0,,,,
2021-07-24,2,4.6,555.51,11.932474080687586,0.0
2021-07-25,2,4.5,479.025,11.851029995663982,0.0
2021-07-26,2,4.5,592.38,11.851029995663982,0.0
2021-07-27,2,4.7,559.48,12.026434862436489,0.0
2021-07-28,1,5.2,356.28,12.6,0.0
2021-07-29,1,4.5,303.72,11.55,0.0
2021-07-30,0,,,,
2021-07-31,0,,,,
2021-08-01,0,,,,
2021-08-02,1,4.6,521.5,11.7,0.0
2021-08-03,2,5.5,517.515,13.068978441047737,0.0
2021-08-04,1,4.8,530.34,12.0,0.0
2021-08-05,2,5.4,539.11,13.132474080687588,0.0
2021-08-06,1,4.8,603.23,12.0,0.0
2021-08-07,0,,,,
2021-08-08,1,4.5,597.33,11.55,0.0
2021-08-09,0,,,,
2021-08-10,0,,,,
2021-08-11,0,,,,
2021-08-12,1,5.5,522.85,13.05,0.0
2021-08-13,0,,,,
2021-08-14,1,4.5,384.8,11.55,0.0
2021-08-15,0,,,,
2021-08-16,0,,,,
2021-08-17,1,4.6,577.47,11.7,0.0
2021-08-18,0,,,,
2021-08-19,0,,,,
2021-08-20,1,4.6,417.42,11.7,0.0
2021-08-21,0,,,,
2021-08-22,1,4.5,383.62,11.55,0.0
2021-08-23,0,,,,
2021-08-24,0,,,,
2021-08-25,1,4.5,589.76,11.55,0.0
2021-08-26,1,4.8,553.69,12.0,0.0
2021-08-27,0,,,,
2021-08-28,0,,,,
2021-08-29,0,,,,
2021-08-30,0,,,,
2021-08-31,2,5.3,575.79,12.776572375596103,0.0
2021-09-01,1,4.6,510.26,11.7,0.0
2021-09-02,1,5.3,441.46,12.75,0.0
2021-09-03,1,5.8,585.0,13.5,0.0
2021-09-04,1,4.6,576.0,11.7,0.0
2021-09-05,0,,,,
2021-09-06,1,4.5,527.53,11.55,0.0
2021-09-07,2,4.9,550.75,12.281879480002065,0.0
2021-09-08,0,,,,
2021-09-09,2,5.0,572.9849999999999,12.371081852649532,0.0
2021-09-10,1,4.6,617.27,11.7,0.0
2021-09-11,1,4.8,538.69,12.0,0.0
2021-09-12,2,5.3,394.86,12.80149694202523,0.0
2021-09-13,3,5.8,436.5333333333333,13.511599670365037,3297.036685753449
2021-09-14,0,,,,
2021-09-15,0,,,,
2021-09-16,2,4.9,506.545,12.247322793708696,0.0
2021-09-17,0,,,,
2021-09-18,0,,,,
2021-09-19,0,,,,
2021-09-20,2,5.3,482.575,12.776572375596103,0.0
2021-09-21,1,4.6,320.78,11.7,0.0
2021-09-22,2,5.0,481.735,12.371081852649532,0.0
2021-09-23,2,4.6,539.355,11.932474080687586,0.0
2021-09-24,0,,,,
2021-09-25,1,4.8,619.92,12.0,0.0
2021-09-26,1,4.5,424.15,11.55,0.0
2021-09-27,0,,,,
2021-09-28,2,4.9,463.665,12.382474080687588,0.0
2021-09-29,2,6.1,432.095,13.954845729795275,0.0
2021-09-30,1,4.6,536.32,11.7,0.0
2021-10-01,0,,,,
2021-10-02,3,7.3,547.4833333333333,15.753490334928491,5650.291249148765
2021-10-03,0,,,,
2021-10-04,1,4.9,528.22,12.15,0.0
2021-10-05,2,4.5,553.4849999999999,11.851029995663982,0.0
2021-10-06,0,,,,
2021-10-07,0,,,,
2021-10-08,0,,,,
2021-10-09,2,6.9,491.25,15.154845729795278,0.0
2021-10-10,2,4.6,580.2049999999999,12.00102999566398,0.0
2021-10-11,0,,,,
2021-10-12,2,5.4,518.59,12.918978441047736,0.0
2021-10-13,0,,,,
2021-10-14,1,4.6,528.62,11.7,0.0
2021-10-15,1,4.5,394.71,11.55,0.0
2021-10-16,0,,,,
2021-10-17,2,5.0,520.7650000000001,12.431879480002063,0.0
2021-10-18,1,4.8,492.29,12.0,0.0
2021-10-19,0,,,,
2021-10-20,0,,,,
2021-10-21,2,6.1,411.39,14.001496942025229,0.0
2021-10-22,1,4.5,654.81,11.55,0.0
2021-10-23,0,,,,
2021-10-24,0,,,,
2021-10-25,1,4.7,524.61,11.85,0.0
2021-10-26,0,,,,
2021-10-27,2,4.7,412.54,12.026434862436489,0.0
2021-10-28,0,,,,
2021-10-29,1,4.6,530.3,11.7,0.0
2021-10-30,1,5.5,380.65,13.05,0.0
2021-10-31,0,,,,
2021-11-01,1,4.6,505.8,11.7,0.0
2021-11-02,1,4.6,551.48,11.7,0.0
2021-11-03,1,4.8,576.32,12.0,0.0
2021-11-04,2,5.3,562.1800000000001,12.776572375596103,0.0
2021-11-05,2,4.9,384.17,12.247322793708696,0.0
2021-11-06,1,4.7,514.13,11.85,0.0
2021-11-07,0,,,,
2021-11-08,1,4.5,331.59,11.55,0.0
2021-11-09,0,,,,
2021-11-10,0,,,,
2021-11-11,0,,,,
2021-11-12,0,,,,
2021-11-13,2,4.9,506.63,12.451029995663982,0.0
2021-11-14,0,,,,
2021-11-15,0,,,,
2021-11-16,0,,,,
2021-11-17,2,5.5,548.2249999999999,13.068978441047737,0.0
2021-11-18,1,4.7,485.81,11.85,0.0
2021-11-19,0,,,,
2021-11-20,0,,,,
2021-11-21,0,,,,
2021-11-22,3,4.8,490.10666666666674,12.268578117629064,147.84238347659013
2021-11-23,2,4.5,475.37,11.851029995663982,0.0
2021-11-24,0,,,,
2021-11-25,1,4.7,380.31,11.85,0.0
2021-11-26,1,5.8,513.0,13.5,0.0
2021-11-27,0,,,,
2021-11-28,1,4.9,537.93,12.15,0.0
2021-11-29,1,4.5,537.71,11.55,0.0
2021-11-30,0,,,,
2021-12-01,0,,,,
2021-12-02,1,4.6,314.4,11.7,0.0
2021-12-03,0,,,,
2021-12-04,0,,,,
2021-12-05,0,,,,
2021-12-06,1,4.5,538.4,11.55,0.0
2021-12-07,1,4.5,406.33,11.55,0.0
2021-12-08,2,4.5,523.665,11.851029995663982,0.0
2021-12-09,1,4.5,501.46,11.55,0.0
2021-12-10,0,,,,
2021-12-11,0,,,,
2021-12-12,1,4.5,495.27,11.55,0.0
2021-12-13,3,5.0,549.0133333333333,12.455037268934529,87.46409445793365
2021-12-14,0,,,,
2021-12-15,1,5.0,472.83,12.3,0.0
2021-12-16,2,5.2,367.015,12.671081852649534,0.0
2021-12-17,1,5.7,575.13,13.35,0.0
2021-12-18,0,,,,
2021-12-19,0,,,,
2021-12-20,0,,,,
2021-12-21,0,,,,
2021-12-22,0,,,,
2021-12-23,0,,,,
2021-12-24,1,4.5,443.33,11.55,0.0
2021-12-25,4,5.2,491.725,12.795852907698729,237.3982172229257
2021-12-26,3,6.1,593.0933333333334,13.958527784861625,157.67855035773377
2021-12-27,0,,,,
2021-12-28,2,4.6,611.14,11.932474080687586,0.0
2021-12-29,2,4.7,479.54,12.026434862436489,0.0
2021-12-30,2,5.1,472.025,12.501496942025229,0.0
2021-12-31,0,,,,
2022-01-01,0,,,,
2022-01-02,0,,,,
2022-01-03,1,4.5,506.3,11.55,0.0
2022-01-04,3,6.0,466.4,13.805852331793355,873.8861947313917
2022-01-05,0,,,,
2022-01-06,1,4.5,574.41,11.55,0.0
2022-01-07,0,,,,
2022-01-08,0,,,,
2022-01-09,2,4.6,518.14,11.932474080687586,0.0
2022-01-10,4,5.7,553.4075,13.391918209943862,300.0832755915104
2022-01-11,0,,,,
2022-01-12,1,4.5,514.03,11.55,0.0
2022-01-13,0,,,,
2022-01-14,0,,,,
2022-01-15,0,,,,
2022-01-16,2,6.1,460.315,13.952435376181215,0.0
2022-01-17,0,,,,
2022-01-18,0,,,,
2022-01-19,0,,,,
2022-01-20,0,,,,
2022-01-21,2,4.7,423.235,12.151029995663984,0.0
2022-01-22,0,,,,
2022-01-23,0,,,,
2022-01-24,2,4.5,456.36,11.851029995663982,0.0
2022-01-25,0,,,,
2022-01-26,0,,,,
2022-01-27,1,4.7,599.59,11.85,0.0
2022-01-28,4,4.9,603.3475,12.49455220846809,365.40646125809286
2022-01-29,0,,,,
2022-01-30,2,4.6,549.74,12.00102999566398,0.0
2022-01-31,0,,,,
2022-02-01,1,4.5,591.14,11.55,0.0
2022-02-02,2,4.5,479.94,11.851029995663982,0.0
2022-02-03,0,,,,
2022-02-04,1,4.5,544.48,11.55,0.0
2022-02-05,1,4.5,617.08,11.55,0.0
2022-02-06,4,4.6,486.3025,12.194688413660042,410.7015033349261
2022-02-07,2,4.7,379.72,12.082474080687588,0.0
2022-02-08,0,,,,
2022-02-09,2,4.6,514.825,12.00102999566398,0.0
2022-02-10,0,,,,
2022-02-11,0,,,,
2022-02-12,0,,,,
2022-02-13,1,4.9,365.8,12.15,0.0
2022-02-14,0,,,,
2022-02-15,0,,,,
2022-02-16,1,6.8,535.0,15.0,0.0
2022-02-17,1,5.5,303.72,13.05,0.0
2022-02-18,1,4.5,545.94,11.55,0.0
2022-02-19,0,,,,
2022-02-20,2,4.5,325.86,11.851029995663982,0.0
2022-02-21,1,4.8,538.88,12.0,0.0
2022-02-22,1,4.5,500.33,11.55,0.0
2022-02-23,1,4.5,493.0,11.55,0.0
2022-02-24,1,4.6,490.26,11.7,0.0
2022-02-25,1,4.5,492.57,11.55,0.0
2022-02-26,1,4.5,561.89,11.55,0.0
2022-02-27,0,,,,
2022-02-28,2,4.6,523.505,11.932474080687586,0.0
2022-03-01,0,,,,
2022-03-02,0,,,,
2022-03-03,0,,,,
2022-03-04,0,,,,
2022-03-05,0,,,,
2022-03-06,0,,,,
2022-03-07,1,6.1,581.83,13.95,0.0
2022-03-08,2,4.6,555.595,11.932474080687586,0.0
2022-03-09,0,,,,
2022-03-10,2,4.9,533.9949999999999,12.247322793708696,0.0
2022-03-11,0,,,,
2022-03-12,0,,,,
2022-03-13,0,,,,
2022-03-14,1,4.5,580.98,11.55,0.0
2022-03-15,1,4.8,548.08,12.0,0.0
2022-03-16,3,4.7,514.04,12.151545298844896,125.59591837199424
2022-03-17,0,,,,
2022-03-18,1,4.5,530.2,11.55,0.0
2022-03-19,1,4.7,594.74,11.85,0.0
2022-03-20,2,4.7,506.61,12.026434862436489,0.0
2022-03-21,0,,,,
2022-03-22,1,4.6,511.41,11.7,0.0
2022-03-23,0,,,,
2022-03-24,1,4.5,533.8,11.55,0.0
2022-03-25,1,4.8,487.54,12.0,0.0
2022-03-26,2,4.9,599.14,12.247322793708696,0.0
2022-03-27,0,,,,
2022-03-28,2,4.6,439.715,12.00102999566398,0.0
2022-03-29,2,4.6,562.41,11.932474080687586,0.0
2022-03-30,0,,,,
2022-03-31,2,4.6,533.95,11.932474080687586,0.0
2022-04-01,0,,,,
2022-04-02,0,,,,
2022-04-03,0,,,,
2022-04-04,1,4.8,514.4,12.0,0.0
2022-04-05,0,,,,
2022-04-06,0,,,,
2022-04-07,0,,,,
2022-04-08,1,4.5,558.27,11.55,0.0
2022-04-09,1,4.9,504.16,12.15,0.0
2022-04-10,0,,,,
2022-04-11,2,4.5,547.245,11.851029995663982,0.0
2022-04-12,0,,,,
2022-04-13,0,,,,
2022-04-14,0,,,,
2022-04-15,1,4.6,507.05,11.7,0.0
2022-04-16,1,4.6,460.04,11.7,0.0
2022-04-17,0,,,,
2022-04-18,1,4.5,543.52,11.55,0.0
2022-04-19,0,,,,
2022-04-20,0,,,,
2022-04-21,1,4.7,488.96,11.85,0.0
2022-04-22,0,,,,
2022-04-23,1,4.5,514.26,11.55,0.0
2022-04-24,1,4.5,540.34,11.55,0.0
2022-04-25,1,4.6,590.85,11.7,0.0
2022-04-26,1,4.6,603.3,11.7,0.0
2022-04-27,0,,,,
2022-04-28,0,,,,
2022-04-29,0,,,,
2022-04-30,2,4.5,557.78,11.851029995663982,0.0
2022-05-01,1,4.7,391.87,11.85,0.0
2022-05-02,2,5.4,469.425,12.926572375596104,0.0
2022-05-03,1,4.9,488.58,12.15,0.0
2022-05-04,1,4.6,597.59,11.7,0.0
2022-05-05,1,4.6,531.77,11.7,0.0
2022-05-06,1,5.4,507.12,12.900000000000002,0.0
2022-05-07,0,,,,
2022-05-08,0,,,,
2022-05-09,2,5.3,461.17,12.776572375596103,0.0
2022-05-10,2,5.4,458.03,12.997322793708696,0.0
2022-05-11,2,4.6,444.79,11.932474080687586,0.0
2022-05-12,2,4.7,537.54,12.082474080687588,0.0
2022-05-13,1,4.8,523.58,12.0,0.0
2022-05-14,1,4.6,579.96,11.7,0.0
2022-05-15,0,,,,
2022-05-16,0,,,,
2022-05-17,0,,,,
2022-05-18,0,,,,
2022-05-19,2,4.7,569.79,12.026434862436489,0.0
2022-05-20,0,,,,
2022-05-21,0,,,,
2022-05-22,7,6.3,596.4028571428571,14.269103741250206,214.90011908305289
2022-05-23,2,4.5,552.315,11.851029995663982,0.0
2022-05-24,4,5.0,455.8025,12.575876541588778,385.5598768445917
2022-05-25,0,,,,
2022-05-26,1,4.9,391.03,12.15,0.0
2022-05-27,1,4.6,624.77,11.7,0.0
2022-05-28,0,,,,
2022-05-29,1,4.6,305.59,11.7,0.0
2022-05-30,0,,,,
2022-05-31,0,,,,
2022-06-01,0,,,,
2022-06-02,0,,,,
2022-06-03,2,5.4,528.215,12.937077764450722,0.0
2022-06-04,1,4.6,522.1,11.7,0.0
2022-06-05,0,,,,
2022-06-06,0,,,,
2022-06-07,0,,,,
2022-06-08,2,6.5,614.06,14.551725525028791,0.0
2022-06-09,0,,,,
2022-06-10,0,,,,
2022-06-11,0,,,,
2022-06-12,1,4.8,562.2,12.0,0.0
2022-06-13,0,,,,
2022-06-14,1,4.6,487.13,11.7,0.0
2022-06-15,0,,,,
2022-06-16,0,,,,
2022-06-17,2,4.7,395.84,12.026434862436489,0.0
2022-06-18,1,4.6,546.167,11.7,0.0
2022-06-19,0,,,,
2022-06-20,1,4.5,558.4,11.55,0.0
2022-06-21,0,,,,
2022-06-22,1,5.6,499.8,13.2,0.0
2022-06-23,2,4.6,553.62,11.932474080687586,0.0
2022-06-24,0,,,,
2022-06-25,0,,,,
2022-06-26,0,,,,
2022-06-27,0,,,,
2022-06-28,0,,,,
2022-06-29,0,,,,
2022-06-30,0,,,,
2022-07-01,0,,,,
2022-07-02,1,5.9,309.0,13.650000000000002,0.0
2022-07-03,0,,,,
2022-07-04,2,5.2,458.4125,12.63707776445072,0.0
2022-07-05,1,4.6,579.93,11.7,0.0
2022-07-06,0,,,,
2022-07-07,1,4.6,321.7,11.7,0.0
2022-07-08,0,,,,
2022-07-09,0,,,,
2022-07-10,1,4.5,514.662,11.55,0.0
2022-07-11,0,,,,
2022-07-12,0,,,,
2022-07-13,1,4.7,527.86,11.85,0.0
2022-07-14,0,,,,
2022-07-15,0,,,,
2022-07-16,1,4.5,368.74,11.55,0.0
2022-07-17,0,,,,
2022-07-18,1,4.5,523.16,11.55,0.0
2022-07-19,0,,,,
2022-07-20,0,,,,
2022-07-21,0,,,,
2022-07-22,0,,,,
2022-07-23,2,4.6,566.03,11.932474080687586,0.0
2022-07-24,0,,,,
2022-07-25,0,,,,
2022-07-26,1,4.7,598.72,11.85,0.0
2022-07-27,3,5.7,502.00966666666665,13.39335206932317,36.32943654634032
2022-07-28,1,4.8,601.33,12.0,0.0
2022-07-29,2,5.1,434.6985,12.521081852649532,0.0
2022-07-30,1,4.5,329.055,11.55,0.0
2022-07-31,1,4.5,471.556,11.55,0.0
2022-08-01,2,4.7,544.2760000000001,12.082474080687588,0.0
2022-08-02,1,5.6,536.317,13.2,0.0
2022-08-03,0,,,,
2022-08-04,0,,,,
2022-08-05,0,,,,
2022-08-06,2,4.6,471.894,12.00102999566398,0.0
2022-08-07,1,4.8,594.561,12.0,0.0
2022-08-08,0,,,,
2022-08-09,1,4.8,502.338,12.0,0.0
2022-08-10,2,4.8,578.6435,12.232474080687586,0.0
2022-08-11,0,,,,
2022-08-12,1,4.5,370.929,11.55,0.0
2022-08-13,2,5.3,371.033,12.776572375596103,0.0
2022-08-14,0,,,,
2022-08-15,1,4.8,552.772,12.0,0.0
2022-08-16,1,4.5,331.474,11.55,0.0
2022-08-17,1,5.5,480.972,13.05,0.0
2022-08-18,1,4.8,490.055,12.0,0.0
2022-08-19,0,,,,
2022-08-20,1,4.9,508.398,12.15,0.0
2022-08-21,0,,,,
2022-08-22,0,,,,
2022-08-23,5,4.6,483.7516,12.315301528090297,355.99933308048014
2022-08-24,1,4.8,499.849,12.0,0.0
2022-08-25,0,,,,
2022-08-26,0,,,,
2022-08-27,1,4.5,548.612,11.55,0.0
2022-08-28,1,5.0,558.816,12.3,0.0
2022-08-29,0,,,,
2022-08-30,1,4.5,401.077,11.55,0.0
2022-08-31,1,4.8,563.549,12.0,0.0
2022-09-01,0,,,,
2022-09-02,1,4.6,528.414,11.7,0.0
2022-09-03,1,4.7,481.809,11.85,0.0
2022-09-04,0,,,,
2022-09-05,1,4.8,517.09,12.0,0.0
2022-09-06,1,4.6,503.733,11.7,0.0
2022-09-07,0,,,,
2022-09-08,5,5.4,528.3471999999999,13.000365348003148,446.88455410877606
2022-09-09,0,,,,
2022-09-10,2,4.5,442.355,11.851029995663982,0.0
2022-09-11,2,5.5,623.751,13.063520922108038,0.0
2022-09-12,0,,,,
2022-09-13,2,4.9,429.7945,12.326434862436486,0.0
2022-09-14,0,,,,
2022-09-15,0,,,,
2022-09-16,0,,,,
2022-09-17,0,,,,
2022-09-18,0,,,,
2022-09-19,0,,,,
2022-09-20,1,4.5,356.875,11.55,0.0
2022-09-21,0,,,,
2022-09-22,1,4.5,561.3,11.55,0.0
2022-09-23,1,5.4,609.359,12.900000000000002,0.0
2022-09-24,0,,,,
2022-09-25,0,,,,
2022-09-26,0,,,,
2022-09-27,0,,,,
2022-09-28,0,,,,
2022-09-29,0,,,,
2022-09-30,2,4.7,477.13,12.026434862436489,0.0
2022-10-01,1,4.5,500.783,11.55,0.0
2022-10-02,0,,,,
2022-10-03,0,,,,
2022-10-04,0,,,,
2022-10-05,0,,,,
2022-10-06,1,4.8,538.514,12.0,0.0
2022-10-07,1,4.6,502.093,11.7,0.0
2022-10-08,0,,,,
2022-10-09,3,4.5,509.75233333333335,12.027121254719663,236.5671415256003
2022-10-10,0,,,,
2022-10-11,3,4.9,512.1733333333333,12.442064236471372,172.59214030475653
2022-10-12,2,4.9,546.015,12.247322793708696,0.0
2022-10-13,0,,,,
2022-10-14,1,5.4,574.003,12.900000000000002,0.0
2022-10-15,0,,,,
2022-10-16,0,,,,
2022-10-17,0,,,,
2022-10-18,2,5.0,438.722,12.397322793708696,0.0
2022-10-19,0,,,,
2022-10-20,2,5.1,476.025,12.501496942025229,0.0
2022-10-21,0,,,,
2022-10-22,0,,,,
2022-10-23,2,4.9,531.595,12.281879480002065,0.0
2022-10-24,0,,,,
2022-10-25,3,4.6,596.5016666666667,12.083077438168312,76.77324724985779
2022-10-26,1,4.5,548.47,11.55,0.0
2022-10-27,1,4.5,511.663,11.55,0.0
2022-10-28,1,4.9,536.986,12.15,0.0
2022-10-29,0,,,,
2022-10-30,0,,,,
2022-10-31,0,,,,
2022-11-01,2,4.6,516.5675,11.932474080687586,0.0
2022-11-02,1,4.7,511.433,11.85,0.0
2022-11-03,0,,,,
2022-11-04,1,4.9,533.108,12.15,0.0
2022-11-05,1,5.3,384.085,12.75,0.0
2022-11-06,0,,,,
2022-11-07,2,4.5,533.534,11.851029995663982,0.0
2022-11-08,0,,,,
2022-11-09,8,7.0,613.464,15.544328300041268,345.3682580829658
2022-11-10,1,4.5,554.452,11.55,0.0
2022-11-11,4,4.9,549.52375,12.605758297818772,4817.144332786369
2022-11-12,5,7.0,574.6798,15.301105824692144,8.973333352900646
2022-11-13,3,5.0,483.0326666666666,12.455037268934529,2745.8098955196588
2022-11-14,5,6.1,562.1016,14.257371000337931,3659.68495065397
2022-11-15,0,,,,
2022-11-16,0,,,,
2022-11-17,1,4.7,323.945,11.85,0.0
2022-11-18,0,,,,
2022-11-19,0,,,,
2022-11-20,2,4.7,441.802,12.026434862436489,0.0
2022-11-21,1,5.3,426.137,12.75,0.0
2022-11-22,1,4.8,542.028,12.0,0.0
2022-11-23,1,4.7,470.278,11.85,0.0
2022-11-24,2,4.6,520.1265000000001,12.00102999566398,0.0
2022-11-25,3,5.0,454.05233333333337,12.432149462752689,3304.736619181589
2022-11-26,1,4.5,303.878,11.55,0.0
2022-11-27,0,,,,
2022-11-28,1,4.5,537.459,11.55,0.0
2022-11-29,1,5.0,604.694,12.3,0.0
2022-11-30,0,,,,
2022-12-01,2,4.5,535.9955,11.851029995663982,0.0
2022-12-02,1,4.6,568.467,11.7,0.0
2022-12-03,1,4.5,543.868,11.55,0.0
2022-12-04,1,4.9,600.749,12.15,0.0
2022-12-05,0,,,,
2022-12-06,0,,,,
2022-12-07,1,4.5,591.649,11.55,0.0
2022-12-08,0,,,,
2022-12-09,0,,,,
2022-12-10,2,5.1,592.9780000000001,12.501496942025229,0.0
2022-12-11,2,5.0,592.5654999999999,12.371081852649532,0.0
2022-12-12,2,4.8,530.9045,12.176434862436484,0.0
2022-12-13,2,4.8,447.532,12.131879480002064,0.0
2022-12-14,0,,,,
2022-12-15,1,4.5,375.408,11.55,0.0
2022-12-16,1,4.6,562.573,11.7,0.0
2022-12-17,0,,,,
2022-12-18,1,4.6,583.957,11.7,0.0
2022-12-19,0,,,,
2022-12-20,1,4.6,516.248,11.7,0.0
2022-12-21,0,,,,
2022-12-22,0,,,,
2022-12-23,0,,,,
2022-12-24,1,5.5,519.989,13.05,0.0
2022-12-25,0,,,,
2022-12-26,2,5.5,445.7585,13.063520922108038,0.0
2022-12-27,0,,,,
2022-12-28,3,4.5,545.9173333333333,12.027121254719663,235.54860761935475
2022-12-29,1,4.6,622.502,11.7,0.0
2022-12-30,0,,,,
2022-12-31,3,4.8,561.558,12.232901311711837,203.22199049462435
2023-01-01,1,5.1,595.724,12.45,0.0
2023-01-02,3,4.6,539.6173333333334,12.083077438168312,2801.712508664465
2023-01-03,0,,,,
2023-01-04,1,4.5,463.681,11.55,0.0
2023-01-05,1,4.8,391.85,12.0,0.0
2023-01-06,2,5.9,536.2635,13.653436094751733,0.0
2023-01-07,2,4.6,590.5025,11.932474080687586,0.0
2023-01-08,1,4.6,479.628,11.7,0.0
2023-01-09,1,4.5,497.676,11.55,0.0
2023-01-10,1,5.1,582.21,12.45,0.0
2023-01-11,0,,,,
2023-01-12,2,5.5,561.8935,13.063520922108038,0.0
2023-01-13,1,4.5,476.97,11.55,0.0
2023-01-14,0,,,,
2023-01-15,3,5.2,532.8113333333333,12.801482425429583,3065.209173714413
2023-01-16,1,6.3,405.0,14.25,0.0
2023-01-17,0,,,,
2023-01-18,1,4.5,507.941,11.55,0.0
2023-01-19,2,4.9,552.819,12.247322793708696,0.0
2023-01-20,1,6.8,596.837,15.0,0.0
2023-01-21,0,,,,
2023-01-22,1,4.6,387.431,11.7,0.0
2023-01-23,1,4.5,557.901,11.55,0.0
2023-01-24,2,6.4,546.9884999999999,14.400613024402976,0.0
2023-01-25,2,4.6,496.556,11.932474080687586,0.0
2023-01-26,0,,,,
2023-01-27,2,4.6,525.7429999999999,11.932474080687586,0.0
2023-01-28,0,,,,
2023-01-29,0,,,,
2023-01-30,0,,,,
2023-01-31,1,4.8,516.421,12.0,0.0
2023-02-01,0,,,,
2023-02-02,3,4.6,418.624,12.083077438168312,142.82275703014736
2023-02-03,0,,,,
2023-02-04,0,,,,
2023-02-05,1,4.5,571.745,11.55,0.0
2023-02-06,1,4.9,326.66,12.15,0.0
2023-02-07,1,4.8,613.484,12.0,0.0
2023-02-08,1,4.7,582.548,11.85,0.0
2023-02-09,1,4.5,561.835,11.55,0.0
2023-02-10,0,,,,
2023-02-11,1,4.5,573.441,11.55,0.0
2023-02-12,1,4.5,529.706,11.55,0.0
2023-02-13,1,6.1,354.0,13.95,0.0
2023-02-14,1,4.9,551.636,12.15,0.0
2023-02-15,2,4.6,597.6405,11.932474080687586,0.0
2023-02-16,2,4.9,431.0855,12.247322793708696,0.0
2023-02-17,1,4.7,491.821,11.85,0.0
2023-02-18,1,5.2,545.057,12.6,0.0
2023-02-19,1,4.5,584.814,11.55,0.0
2023-02-20,3,4.6,418.4393333333333,12.083077438168312,1700.547260706989
2023-02-21,0,,,,
2023-02-22,2,4.8,523.0585000000001,12.176434862436484,0.0
2023-02-23,3,4.8,517.83,12.232901311711837,12.730040533494757
2023-02-24,3,4.7,531.1303333333334,12.194221866731146,360.4226767625936
2023-02-25,1,4.5,455.562,11.55,0.0
2023-02-26,1,4.6,537.222,11.7,0.0
2023-02-27,2,5.6,482.5215,13.209615408440142,0.0
2023-02-28,1,4.6,374.407,11.7,0.0
2023-03-01,2,6.6,604.9345000000001,14.701222286527138,0.0
2023-03-02,1,4.7,514.264,11.85,0.0
2023-03-03,2,4.6,352.8905,11.932474080687586,0.0
2023-03-04,0,,,,
2023-03-05,2,4.6,573.048,11.932474080687586,0.0
2023-03-06,2,5.8,545.4335000000001,13.506829128312454,0.0
2023-03-07,0,,,,
2023-03-08,1,4.9,493.615,12.15,0.0
2023-03-09,0,,,,
2023-03-10,5,4.6,505.6876,12.345018400848009,3223.256577570401
2023-03-11,2,4.6,504.8195,12.00102999566398,0.0
2023-03-12,0,,,,
2023-03-13,2,4.8,589.45,12.131879480002064,0.0
2023-03-14,1,4.6,309.485,11.7,0.0
2023-03-15,1,4.5,534.512,11.55,0.0
2023-03-16,1,4.5,546.23,11.55,0.0
2023-03-17,0,,,,
2023-03-18,2,4.8,520.1985,12.176434862436484,0.0
2023-03-19,0,,,,
2023-03-20,1,4.5,597.933,11.55,0.0
2023-03-21,0,,,,
2023-03-22,0,,,,
2023-03-23,0,,,,
2023-03-24,1,4.5,467.734,11.55,0.0
2023-03-25,1,4.7,522.708,11.85,0.0
2023-03-26,0,,,,
2023-03-27,1,5.5,464.662,13.05,0.0
2023-03-28,0,,,,
2023-03-29,3,4.9,560.0163333333334,12.533077438168313,2880.1774412468685
2023-03-30,0,,,,
2023-03-31,0,,,,
2023-04-01,2,4.8,642.1825,12.232474080687586,0.0
2023-04-02,1,5.5,618.672,13.05,0.0
2023-04-03,0,,,,
2023-04-04,0,,,,
2023-04-05,2,5.1,557.8834999999999,12.501496942025229,0.0
2023-04-06,0,,,,
2023-04-07,1,4.5,504.706,11.55,0.0
2023-04-08,0,,,,
2023-04-09,1,4.5,542.486,11.55,0.0
2023-04-10,0,,,,
2023-04-11,0,,,,
2023-04-12,2,4.7,503.3655,12.026434862436489,0.0
2023-04-13,0,,,,
2023-04-14,2,7.0,587.525,15.301725525028791,0.0
2023-04-15,1,4.8,523.437,12.0,0.0
2023-04-16,0,,,,
2023-04-17,1,4.7,601.332,11.85,0.0
2023-04-18,2,6.7,509.5745,14.850217608323264,0.0
2023-04-19,0,,,,
2023-04-20,0,,,,
2023-04-21,1,4.5,361.235,11.55,0.0
2023-04-22,2,4.7,558.4304999999999,12.151029995663984,0.0
2023-04-23,2,4.5,521.265,11.851029995663982,0.0
2023-04-24,0,,,,
2023-04-25,1,4.5,551.404,11.55,0.0
2023-04-26,0,,,,
2023-04-27,0,,,,
2023-04-28,9,6.6,575.9626666666667,14.774027835006269,107.89182187614874
2023-04-29,0,,,,
2023-04-30,1,4.6,602.879,11.7,0.0
2023-05-01,2,5.6,541.705,13.209615408440142,0.0
2023-05-02,0,,,,
2023-05-03,0,,,,
2023-05-04,0,,,,
2023-05-05,1,5.0,581.478,12.3,0.0
2023-05-06,1,4.5,489.231,11.55,0.0
2023-05-07,1,4.6,519.193,11.7,0.0
2023-05-08,0,,,,
2023-05-09,0,,,,
2023-05-10,1,4.8,423.032,12.0,0.0
2023-05-11,1,4.7,605.065,11.85,0.0
2023-05-12,0,,,,
2023-05-13,1,4.6,541.529,11.7,0.0
2023-05-14,2,5.2,560.9259999999999,12.63707776445072,0.0
2023-05-15,2,4.5,580.986,11.851029995663982,0.0
2023-05-16,0,,,,
2023-05-17,0,,,,
2023-05-18,2,4.5,558.6655000000001,11.851029995663982,0.0
2023-05-19,0,,,,
2023-05-20,0,,,,
2023-05-21,0,,,,
2023-05-22,1,4.7,619.384,11.85,0.0
2023-05-23,1,4.8,456.024,12.0,0.0
2023-05-24,0,,,,
2023-05-25,1,4.5,495.862,11.55,0.0
2023-05-26,0,,,,
2023-05-27,0,,,,
2023-05-28,0,,,,
2023-05-29,1,4.8,627.666,12.0,0.0
2023-05-30,1,4.6,508.337,11.7,0.0
2023-05-31,1,4.5,566.52,11.55,0.0
2023-06-01,0,,,,
2023-06-02,3,4.5,474.41833333333335,12.027121254719663,2668.1766114981183
2023-06-03,0,,,,
2023-06-04,1,4.6,497.807,11.7,0.0
2023-06-05,1,4.5,479.909,11.55,0.0
2023-06-06,0,,,,
2023-06-07,1,4.5,572.002,11.55,0.0
2023-06-08,0,,,,
2023-06-09,0,,,,
2023-06-10,1,4.5,519.769,11.55,0.0
2023-06-11,0,,,,
2023-06-12,1,4.5,605.425,11.55,0.0
2023-06-13,3,4.8,547.1386666666667,12.314448527210144,41.207544129638265
2023-06-14,0,,,,
2023-06-15,0,,,,
2023-06-16,1,4.7,554.243,11.85,0.0
2023-06-17,1,5.6,417.083,13.2,0.0
2023-06-18,0,,,,
2023-06-19,1,4.6,480.873,11.7,0.0
2023-06-20,2,5.7,481.9045,13.38707776445072,0.0
2023-06-21,1,4.5,579.808,11.55,0.0
2023-06-22,0,,,,
2023-06-23,1,5.6,314.0,13.2,0.0
2023-06-24,0,,,,
2023-06-25,1,4.5,511.537,11.55,0.0
2023-06-26,0,,,,
2023-06-27,3,5.8,540.4833333333333,13.509637988432862,4034.5154785125
2023-06-28,2,4.6,548.09,11.932474080687586,0.0
2023-06-29,2,4.9,540.145,12.247322793708696,0.0
2023-06-30,1,4.6,552.869,11.7,0.0
2023-07-01,2,4.5,574.453,11.851029995663982,0.0
2023-07-02,1,4.5,436.53,11.55,0.0
2023-07-03,0,,,,
2023-07-04,2,4.6,454.645,11.932474080687586,0.0
2023-07-05,1,4.7,653.516,11.85,0.0
2023-07-06,0,,,,
2023-07-07,2,4.8,546.5840000000001,12.131879480002064,0.0
2023-07-08,2,4.6,352.0645,11.932474080687586,0.0
2023-07-09,0,,,,
2023-07-10,0,,,,
2023-07-11,1,4.6,501.407,11.7,0.0
2023-07-12,0,,,,
2023-07-13,1,5.2,436.153,12.6,0.0
2023-07-14,0,,,,
2023-07-15,0,,,,
2023-07-16,0,,,,
2023-07-17,0,,,,
2023-07-18,0,,,,
2023-07-19,2,4.7,554.127,12.082474080687588,0.0
2023-07-20,0,,,,
2023-07-21,0,,,,
2023-07-22,0,,,,
2023-07-23,0,,,,
2023-07-24,6,6.0,549.4133333333333,13.871875503450209,18.08692093930831
2023-07-25,2,5.6,467.693,13.218978441047732,0.0
2023-07-26,1,4.8,355.524,12.0,0.0
2023-07-27,1,5.4,401.132,12.900000000000002,0.0
2023-07-28,2,5.0,550.6514999999999,12.431879480002063,0.0
2023-07-29,0,,,,
2023-07-30,1,4.7,531.126,11.85,0.0
2023-07-31,0,,,,
2023-08-01,1,4.7,543.691,11.85,0.0
2023-08-02,2,5.8,565.7925,13.504845729795276,0.0
2023-08-03,2,4.9,597.8205,12.247322793708696,0.0
2023-08-04,1,5.5,575.691,13.05,0.0
2023-08-05,1,6.2,575.0,14.1,0.0
2023-08-06,0,,,,
2023-08-07,1,5.0,408.524,12.3,0.0
2023-08-08,0,,,,
2023-08-09,2,5.7,472.4,13.359615408440142,0.0
2023-08-10,1,4.5,555.881,11.55,0.0
2023-08-11,0,,,,
2023-08-12,0,,,,
2023-08-13,0,,,,
2023-08-14,1,4.5,553.243,11.55,0.0
2023-08-15,0,,,,
2023-08-16,2,4.5,536.568,11.851029995663982,0.0
2023-08-17,1,4.5,549.824,11.55,0.0
2023-08-18,2,4.6,516.0935000000001,12.00102999566398,0.0
2023-08-19,1,4.5,532.943,11.55,0.0
2023-08-20,0,,,,
2023-08-21,2,5.2,511.9195,12.651496942025233,0.0
2023-08-22,1,4.6,359.712,11.7,0.0
2023-08-23,2,6.2,482.978,14.104845729795278,0.0
2023-08-24,1,4.5,308.489,11.55,0.0
2023-08-25,0,,,,
2023-08-26,0,,,,
2023-08-27,0,,,,
2023-08-28,5,7.1,494.7418,15.455278378464302,3175.082673812544
2023-08-29,0,,,,
2023-08-30,0,,,,
2023-08-31,1,4.6,564.001,11.7,0.0
2023-09-01,0,,,,
2023-09-02,2,4.7,431.21,12.026434862436489,0.0
2023-09-03,1,4.5,529.224,11.55,0.0
2023-09-04,0,,,,
2023-09-05,1,4.9,319.035,12.15,0.0
2023-09-06,1,4.9,644.879,12.15,0.0
2023-09-07,0,,,,
2023-09-08,2,4.5,562.686,11.851029995663982,0.0
2023-09-09,3,5.6,483.8643333333334,13.219022532053868,3068.3989365721777
2023-09-10,0,,,,
2023-09-11,1,4.5,513.175,11.55,0.0
2023-09-12,0,,,,
2023-09-13,1,5.0,650.655,12.3,0.0
2023-09-14,1,4.5,510.788,11.55,0.0
2023-09-15,0,,,,
2023-09-16,0,,,,
2023-09-17,0,,,,
2023-09-18,1,4.5,445.659,11.55,0.0
2023-09-19,0,,,,
2023-09-20,3,4.6,485.148,12.132639965117058,3698.9821474519
2023-09-21,0,,,,
2023-09-22,1,4.9,452.253,12.15,0.0
2023-09-23,0,,,,
2023-09-24,2,4.7,568.6065,12.026434862436489,0.0
2023-09-25,0,,,,
2023-09-26,1,5.2,530.455,12.6,0.0
2023-09-27,1,4.8,613.904,12.0,0.0
2023-09-28,1,4.9,595.604,12.15,0.0
2023-09-29,2,4.7,478.1735,12.151029995663984,0.0
2023-09-30,0,,,,
2023-10-01,2,4.5,515.761,11.851029995663982,0.0
2023-10-02,1,4.6,598.336,11.7,0.0
2023-10-03,3,5.3,455.5453333333333,12.825177572149885,3122.959525311851
2023-10-04,2,5.3,525.4625000000001,12.80149694202523,0.0
2023-10-05,0,,,,
2023-10-06,1,4.9,440.885,12.15,0.0
2023-10-07,0,,,,
2023-10-08,0,,,,
2023-10-09,1,4.7,500.181,11.85,0.0
2023-10-10,1,5.6,571.448,13.2,0.0
2023-10-11,0,,,,
2023-10-12,1,4.9,551.041,12.15,0.0
2023-10-13,1,5.1,537.167,12.45,0.0
2023-10-14,1,5.7,401.457,13.35,0.0
2023-10-15,0,,,,
2023-10-16,0,,,,
2023-10-17,0,,,,
2023-10-18,0,,,,
2023-10-19,0,,,,
2023-10-20,0,,,,
2023-10-21,0,,,,
2023-10-22,1,5.5,532.016,13.05,0.0
2023-10-23,3,5.2,479.1523333333333,12.69752977171972,287.5449451256133
2023-10-24,0,,,,
2023-10-25,2,4.7,466.481,12.026434862436489,0.0
2023-10-26,2,4.6,422.215,12.00102999566398,0.0
2023-10-27,0,,,,
2023-10-28,1,4.8,617.306,12.0,0.0
2023-10-29,0,,,,
2023-10-30,1,4.5,393.686,11.55,0.0
2023-10-31,3,6.5,566.8076666666667,14.550867721531228,5229.309366397135
2023-11-01,2,5.0,493.347,12.476434862436486,0.0
2023-11-02,2,4.7,541.0915,12.026434862436489,0.0
2023-11-03,2,5.3,531.575,12.78707776445072,0.0
2023-11-04,0,,,,
2023-11-05,0,,,,
2023-11-06,0,,,,
2023-11-07,1,5.4,622.68,12.900000000000002,0.0
2023-11-08,2,4.6,388.1165,12.00102999566398,0.0
2023-11-09,0,,,,
2023-11-10,0,,,,
2023-11-11,1,4.6,518.09,11.7,0.0
2023-11-12,2,4.8,564.0995,12.131879480002064,0.0
2023-11-13,2,5.7,467.5015,13.359615408440142,0.0
2023-11-14,0,,,,
2023-11-15,1,5.0,609.85,12.3,0.0
2023-11-16,2,4.9,534.977,12.247322793708696,0.0
2023-11-17,0,,,,
2023-11-18,1,4.5,618.996,11.55,0.0
2023-11-19,1,5.9,585.0,13.650000000000002,0.0
2023-11-20,1,4.6,409.477,11.7,0.0
2023-11-21,0,,,,
2023-11-22,1,4.5,583.75,11.55,0.0
2023-11-23,0,,,,
2023-11-24,1,4.5,562.731,11.55,0.0
2023-11-25,0,,,,
2023-11-26,0,,,,
2023-11-27,0,,,,
2023-11-28,2,4.6,563.6365000000001,11.932474080687586,0.0
2023-11-29,0,,,,
2023-11-30,2,5.0,584.0474999999999,12.431879480002063,0.0
2023-12-01,0,,,,
2023-12-02,1,4.9,532.653,12.15,0.0
2023-12-03,1,4.5,312.962,11.55,0.0
2023-12-04,1,4.5,535.989,11.55,0.0
2023-12-05,0,,,,
2023-12-06,0,,,,
2023-12-07,0,,,,
2023-12-08,0,,,,
2023-12-09,1,4.6,576.502,11.7,0.0
2023-12-10,0,,,,
2023-12-11,1,4.7,560.701,11.85,0.0
2023-12-12,0,,,,
2023-12-13,1,4.5,386.25,11.55,0.0
2023-12-14,2,4.9,579.7974999999999,12.247322793708696,0.0
2023-12-15,0,,,,
2023-12-16,2,5.3,452.474,12.821081852649533,0.0
2023-12-17,0,,,,
2023-12-18,0,,,,
2023-12-19,1,4.9,591.214,12.15,0.0
2023-12-20,1,4.8,588.388,12.0,0.0
2023-12-21,0,,,,
2023-12-22,0,,,,
2023-12-23,2,4.9,419.195,12.247322793708696,0.0
2023-12-24,1,4.7,334.401,11.85,0.0
2023-12-25,1,5.0,336.23,12.3,0.0
2023-12-26,4,4.9,505.4275,12.442436713940324,3464.811788420254
2023-12-27,0,,,,
2023-12-28,0,,,,
2023-12-29,0,,,,
2023-12-30,1,4.5,597.838,11.55,0.0
2023-12-31,1,4.6,516.492,11.7,0.0
2024-01-01,3,4.7,479.4816666666666,12.194221866731146,2748.37362930186
2024-01-02,0,,,,
2024-01-03,0,,,,
2024-01-04,5,4.7,530.574,12.383805859871128,3344.3965636973244
2024-01-05,1,4.7,500.551,11.85,0.0
2024-01-06,0,,,,
2024-01-07,0,,,,
2024-01-08,0,,,,
2024-01-09,0,,,,
2024-01-10,1,4.6,484.097,11.7,0.0
2024-01-11,2,4.8,503.8775,12.30102999566398,0.0
2024-01-12,1,4.5,617.61,11.55,0.0
2024-01-13,1,4.8,584.161,12.0,0.0
2024-01-14,4,4.8,528.2435,12.34455220846809,5707.651761753704
2024-01-15,0,,,,
2024-01-16,1,4.5,580.146,11.55,0.0
2024-01-17,0,,,,
2024-01-18,2,4.9,581.779,12.247322793708696,0.0
2024-01-19,0,,,,
2024-01-20,1,6.6,607.0,14.7,0.0
2024-01-21,1,4.5,537.315,11.55,0.0
2024-01-22,0,,,,
2024-01-23,3,4.6,554.4509999999999,12.083077438168312,46.18551933990331
2024-01-24,0,,,,
2024-01-25,1,4.7,521.296,11.85,0.0
2024-01-26,1,4.5,300.177,11.55,0.0
2024-01-27,0,,,,
2024-01-28,3,6.5,588.3380000000001,14.551046489901893,5356.276735284428
2024-01-29,1,4.6,436.91,11.7,0.0
2024-01-30,2,4.5,528.4435000000001,11.851029995663982,0.0
2024-01-31,0,,,,
2024-02-01,0,,,,
2024-02-02,1,4.5,561.139,11.55,0.0
2024-02-03,0,,,,
2024-02-04,0,,,,
2024-02-05,0,,,,
2024-02-06,0,,,,
2024-02-07,1,4.5,569.384,11.55,0.0
2024-02-08,0,,,,
2024-02-09,3,4.9,560.0746666666666,12.326779009088495,161.7133867728805
2024-02-10,0,,,,
2024-02-11,0,,,,
2024-02-12,0,,,,
2024-02-13,0,,,,
2024-02-14,2,5.2,468.435,12.63707776445072,0.0
2024-02-15,1,4.5,528.082,11.55,0.0
2024-02-16,1,4.5,327.38,11.55,0.0
2024-02-17,0,,,,
2024-02-18,0,,,,
2024-02-19,1,4.7,346.686,11.85,0.0
2024-02-20,1,4.8,569.146,12.0,0.0
2024-02-21,2,5.1,485.5805,12.75102999566398,0.0
2024-02-22,1,4.6,565.334,11.7,0.0
2024-02-23,1,5.3,404.065,12.75,0.0
2024-02-24,0,,,,
2024-02-25,0,,,,
2024-02-26,0,,,,
2024-02-27,1,4.8,409.983,12.0,0.0
2024-02-28,4,4.9,499.19875,12.39392209885129,2446.046873073424
2024-02-29,0,,,,
2024-03-01,0,,,,
2024-03-02,2,5.8,543.813,13.506829128312454,0.0
2024-03-03,0,,,,
2024-03-04,1,4.6,577.325,11.7,0.0
2024-03-05,2,5.1,578.6265000000001,12.501496942025229,0.0
2024-03-06,1,4.8,337.732,12.0,0.0
2024-03-07,0,,,,
2024-03-08,2,5.3,544.2524999999999,12.776572375596103,0.0
2024-03-09,1,5.4,592.972,12.900000000000002,0.0
2024-03-10,0,,,,
2024-03-11,3,4.9,582.1363333333334,12.326779009088495,144.42674028633914
2024-03-12,2,4.6,570.0025,12.00102999566398,0.0
2024-03-13,0,,,,
2024-03-14,0,,,,
2024-03-15,2,4.8,511.8945,12.176434862436484,0.0
2024-03-16,0,,,,
2024-03-17,0,,,,
2024-03-18,0,,,,
2024-03-19,0,,,,
2024-03-20,1,5.3,441.673,12.75,0.0
2024-03-21,0,,,,
2024-03-22,1,4.5,521.789,11.55,0.0
2024-03-23,0,,,,
2024-03-24,0,,,,
2024-03-25,2,4.8,582.1389999999999,12.232474080687586,0.0
2024-03-26,0,,,,
2024-03-27,1,5.0,475.748,12.3,0.0
2024-03-28,0,,,,
2024-03-29,1,5.6,570.902,13.2,0.0
2024-03-30,0,,,,
2024-03-31,2,4.5,441.914,11.851029995663982,0.0
2024-04-01,1,4.8,545.424,12.0,0.0
2024-04-02,0,,,,
2024-04-03,0,,,,
2024-04-04,1,4.5,339.307,11.55,0.0
2024-04-05,0,,,,
2024-04-06,1,4.8,496.08,12.0,0.0
2024-04-07,2,4.8,443.788,12.131879480002064,0.0
2024-04-08,1,4.9,535.776,12.15,0.0
2024-04-09,1,4.9,590.163,12.15,0.0
2024-04-10,0,,,,
2024-04-11,2,4.9,522.1514999999999,12.247322793708696,0.0
2024-04-12,0,,,,
2024-04-13,3,4.8,457.263,12.268578117629064,3275.749627950772
2024-04-14,1,4.5,392.238,11.55,0.0
2024-04-15,0,,,,
2024-04-16,1,4.9,503.626,12.15,0.0
2024-04-17,1,5.4,387.775,12.900000000000002,0.0
2024-04-18,0,,,,
2024-04-19,1,4.5,527.824,11.55,0.0
2024-04-20,1,5.0,489.707,12.3,0.0
2024-04-21,1,4.6,555.315,11.7,0.0
2024-04-22,2,4.6,539.482,11.932474080687586,0.0
2024-04-23,2,4.8,471.5695,12.131879480002064,0.0
2024-04-24,0,,,,
2024-04-25,0,,,,
2024-04-26,1,4.5,520.16,11.55,0.0
2024-04-27,1,6.5,496.0,14.55,0.0
2024-04-28,0,,,,
2024-04-29,1,4.7,387.395,11.85,0.0
2024-04-30,1,5.4,511.078,12.900000000000002,0.0
2024-05-01,1,4.6,546.363,11.7,0.0
2024-05-02,1,4.5,628.645,11.55,0.0
2024-05-03,1,4.5,523.389,11.55,0.0
2024-05-04,0,,,,
2024-05-05,1,4.5,521.355,11.55,0.0
2024-05-06,0,,,,
2024-05-07,1,4.5,451.421,11.55,0.0
2024-05-08,0,,,,
2024-05-09,1,4.5,513.484,11.55,0.0
2024-05-10,1,4.5,584.9,11.55,0.0
2024-05-11,0,,,,
2024-05-12,2,4.8,514.0944999999999,12.232474080687586,0.0
2024-05-13,1,4.6,624.089,11.7,0.0
2024-05-14,0,,,,
2024-05-15,0,,,,
2024-05-16,1,5.0,577.572,12.3,0.0
2024-05-17,0,,,,
2024-05-18,2,5.5,535.335,13.063520922108038,0.0
2024-05-19,0,,,,
2024-05-20,1,4.7,610.133,11.85,0.0
2024-05-21,0,,,,
2024-05-22,1,4.5,559.314,11.55,0.0
2024-05-23,0,,,,
2024-05-24,0,,,,
2024-05-25,1,4.8,607.927,12.0,0.0
2024-05-26,0,,,,
2024-05-27,0,,,,
2024-05-28,2,4.9,539.7635,12.247322793708696,0.0
2024-05-29,1,5.5,392.698,13.05,0.0
2024-05-30,0,,,,
2024-05-31,0,,,,
2024-06-01,1,4.5,561.361,11.55,0.0
2024-06-02,0,,,,
2024-06-03,0,,,,
2024-06-04,2,5.5,585.7895000000001,13.076572375596104,0.0
2024-06-05,2,4.6,535.249,12.00102999566398,0.0
2024-06-06,4,5.9,511.861,13.66904462821946,1465.3568483491529
2024-06-07,0,,,,
2024-06-08,1,4.6,542.739,11.7,0.0
2024-06-09,0,,,,
2024-06-10,0,,,,
2024-06-11,3,4.8,583.9083333333333,12.383077438168312,177.4563990416361
2024-06-12,2,4.7,410.5115,12.026434862436489,0.0
2024-06-13,1,4.5,511.147,11.55,0.0
2024-06-14,0,,,,
2024-06-15,0,,,,
2024-06-16,2,4.8,526.7860000000001,12.232474080687586,0.0
2024-06-17,0,,,,
2024-06-18,0,,,,
2024-06-19,0,,,,
2024-06-20,1,4.8,364.812,12.0,0.0
2024-06-21,0,,,,
2024-06-22,0,,,,
2024-06-23,0,,,,
2024-06-24,2,5.1,459.789,12.521081852649532,0.0
2024-06-25,1,4.8,553.209,12.0,0.0
2024-06-26,1,4.5,527.186,11.55,0.0
2024-06-27,1,4.5,602.759,11.55,0.0
2024-06-28,0,,,,
2024-06-29,2,4.6,492.505,11.932474080687586,0.0
2024-06-30,1,5.2,592.508,12.6,0.0
2024-07-01,1,5.3,479.19,12.75,0.0
2024-07-02,2,4.5,615.1005,11.851029995663982,0.0
2024-07-03,0,,,,
2024-07-04,0,,,,
2024-07-05,0,,,,
2024-07-06,0,,,,
2024-07-07,1,6.2,546.0,14.1,0.0
2024-07-08,0,,,,
2024-07-09,0,,,,
2024-07-10,0,,,,
2024-07-11,1,7.1,639.503,15.45,0.0
2024-07-12,2,4.7,478.9165,12.026434862436489,0.0
2024-07-13,0,,,,
2024-07-14,2,4.8,453.359,12.131879480002064,0.0
2024-07-15,1,4.6,612.164,11.7,0.0
2024-07-16,1,4.6,587.05,11.7,0.0
2024-07-17,0,,,,
2024-07-18,1,4.6,324.938,11.7,0.0
2024-07-19,0,,,,
2024-07-20,0,,,,
2024-07-21,0,,,,
2024-07-22,0,,,,
2024-07-23,3,4.7,504.48,12.151545298844896,3851.7989356760463
2024-07-24,1,4.8,524.857,12.0,0.0
2024-07-25,2,4.6,584.248,12.00102999566398,0.0
2024-07-26,0,,,,
2024-07-27,0,,,,
2024-07-28,0,,,,
2024-07-29,4,5.7,601.524,13.376664244185452,352.8988962006475
2024-07-30,2,4.5,533.9125,11.851029995663982,0.0
2024-07-31,2,5.7,609.582,13.359615408440142,0.0
2024-08-01,0,,,,
2024-08-02,0,,,,
2024-08-03,0,,,,
2024-08-04,0,,,,
2024-08-05,0,,,,
2024-08-06,2,4.8,560.7835,12.131879480002064,0.0
2024-08-07,3,4.6,483.6043333333333,12.083077438168312,192.639685586242
2024-08-08,1,5.0,462.002,12.3,0.0
2024-08-09,3,5.6,557.3716666666667,13.226633575046272,91.35232278432343
2024-08-10,1,6.5,402.166,14.55,0.0
2024-08-11,1,4.5,577.067,11.55,0.0
2024-08-12,3,4.8,442.86066666666665,12.232901311711837,2725.075681635743
2024-08-13,0,,,,
2024-08-14,0,,,,
2024-08-15,1,4.5,501.496,11.55,0.0
2024-08-16,0,,,,
2024-08-17,3,5.3,506.1793333333333,12.982901311711837,2614.786834776679
2024-08-18,0,,,,
2024-08-19,0,,,,
2024-08-20,0,,,,
2024-08-21,3,5.1,479.60666666666674,12.565184488590845,2454.028007098572
2024-08-22,1,4.9,358.49,12.15,0.0
2024-08-23,0,,,,
2024-08-24,4,5.0,557.8735,12.629796874396282,145.0371739882505
2024-08-25,0,,,,
2024-08-26,0,,,,
2024-08-27,0,,,,
2024-08-28,2,4.5,516.0455,11.851029995663982,0.0
2024-08-29,1,4.8,494.259,12.0,0.0
2024-08-30,1,4.5,447.02,11.55,0.0
2024-08-31,1,4.6,527.624,11.7,0.0
2024-09-01,0,,,,
2024-09-02,2,4.9,549.384,12.247322793708696,0.0
2024-09-03,1,4.6,531.231,11.7,0.0
2024-09-04,0,,,,
2024-09-05,0,,,,
2024-09-06,0,,,,
2024-09-07,1,5.2,384.984,12.6,0.0
2024-09-08,0,,,,
2024-09-09,0,,,,
2024-09-10,1,4.5,540.542,11.55,0.0
2024-09-11,2,4.6,513.1595,11.932474080687586,0.0
2024-09-12,0,,,,
2024-09-13,0,,,,
2024-09-14,0,,,,
2024-09-15,0,,,,
2024-09-16,1,4.5,524.158,11.55,0.0
2024-09-17,1,4.7,444.159,11.85,0.0
2024-09-18,0,,,,
2024-09-19,1,4.5,463.624,11.55,0.0
2024-09-20,2,4.6,593.4649999999999,11.932474080687586,0.0
2024-09-21,0,,,,
2024-09-22,1,4.9,543.02,12.15,0.0
2024-09-23,1,4.8,518.512,12.0,0.0
2024-09-24,0,,,,
2024-09-25,0,,,,
2024-09-26,0,,,,
2024-09-27,2,5.2,477.1685,12.651496942025233,0.0
2024-09-28,1,4.5,536.792,11.55,0.0
2024-09-29,0,,,,
2024-09-30,0,,,,
2024-10-01,1,6.1,576.0,13.95,0.0
2024-10-02,1,4.5,542.566,11.55,0.0
2024-10-03,1,4.5,530.548,11.55,0.0
2024-10-04,1,4.5,557.399,11.55,0.0
2024-10-05,1,4.5,374.968,11.55,0.0
2024-10-06,1,4.7,423.286,11.85,0.0
2024-10-07,0,,,,
2024-10-08,1,4.9,305.845,12.15,0.0
2024-10-09,0,,,,
2024-10-10,1,4.5,610.684,11.55,0.0
2024-10-11,1,4.5,524.626,11.55,0.0
2024-10-12,1,4.5,581.27,11.55,0.0
2024-10-13,0,,,,
2024-10-14,1,4.9,609.232,12.15,0.0
2024-10-15,2,4.5,461.3615,11.851029995663982,0.0
2024-10-16,1,4.7,413.977,11.85,0.0
2024-10-17,2,5.4,602.9615,12.918978441047736,0.0
2024-10-18,0,,,,
2024-10-19,0,,,,
2024-10-20,1,5.5,591.313,13.05,0.0
2024-10-21,3,4.7,551.842,12.194221866731146,18.0512473735383
2024-10-22,1,5.5,462.72,13.05,0.0
2024-10-23,0,,,,
2024-10-24,1,5.0,340.82,12.3,0.0
2024-10-25,1,4.5,407.902,11.55,0.0
2024-10-26,0,,,,
2024-10-27,1,5.0,607.641,12.3,0.0
2024-10-28,3,4.9,488.2436666666667,12.533077438168313,2863.5463265701883
2024-10-29,2,4.9,448.9115,12.451029995663982,0.0
2024-10-30,2,6.0,444.831,13.809615408440145,0.0
2024-10-31,2,4.9,536.3775,12.247322793708696,0.0
2024-11-01,0,,,,
2024-11-02,2,5.4,559.4839999999999,12.918978441047736,0.0
2024-11-03,0,,,,
2024-11-04,1,4.5,501.722,11.55,0.0
2024-11-05,1,5.3,590.621,12.75,0.0
2024-11-06,2,5.9,511.5765,13.687077764450722,0.0
2024-11-07,0,,,,
2024-11-08,2,4.6,550.3634999999999,11.932474080687586,0.0
2024-11-09,1,4.7,540.505,11.85,0.0
2024-11-10,1,5.0,583.497,12.3,0.0
2024-11-11,2,5.0,468.2075,12.532474080687589,0.0
2024-11-12,0,,,,
2024-11-13,0,,,,
2024-11-14,1,4.5,607.134,11.55,0.0
2024-11-15,0,,,,
2024-11-16,2,4.6,539.2550000000001,12.00102999566398,0.0
2024-11-17,2,4.8,514.604,12.131879480002064,0.0
2024-11-18,0,,,,
2024-11-19,0,,,,
2024-11-20,1,5.1,437.348,12.45,0.0
2024-11-21,3,4.8,430.089,12.268578117629064,167.85356515148175
2024-11-22,0,,,,
2024-11-23,1,5.9,587.878,13.650000000000002,0.0
2024-11-24,1,4.6,591.053,11.7,0.0
2024-11-25,1,4.5,527.982,11.55,0.0
2024-11-26,1,4.8,607.398,12.0,0.0
2024-11-27,0,,,,
2024-11-28,0,,,,
2024-11-29,0,,,,
2024-11-30,2,5.1,443.3765,12.501496942025229,0.0
2024-12-01,0,,,,
2024-12-02,1,4.6,533.789,11.7,0.0
2024-12-03,2,5.4,549.1015,12.926572375596104,0.0
2024-12-04,0,,,,
2024-12-05,2,4.9,346.3965,12.281879480002065,0.0
2024-12-06,3,4.5,520.5713333333333,12.027121254719663,26.21741739103413
2024-12-07,0,,,,
2024-12-08,1,4.6,521.687,11.7,0.0
2024-12-09,0,,,,
2024-12-10,0,,,,
2024-12-11,1,4.5,531.0,11.55,0.0
2024-12-12,3,4.9,547.5296666666667,12.502411889157251,327.8714512466463
2024-12-13,1,4.5,487.636,11.55,0.0
2024-12-14,0,,,,
2024-12-15,1,4.5,454.898,11.55,0.0
2024-12-16,0,,,,
2024-12-17,1,5.6,549.327,13.2,0.0
2024-12-18,0,,,,
2024-12-19,1,4.5,579.068,11.55,0.0
2024-12-20,0,,,,
2024-12-21,1,4.8,607.996,12.0,0.0
2024-12-22,2,4.5,549.0825,11.851029995663982,0.0
2024-12-23,3,4.6,542.0433333333334,12.132639965117058,1922.0654873266487
2024-12-24,0,,,,
2024-12-25,1,5.6,458.667,13.2,0.0
2024-12-26,0,,,,
2024-12-27,2,5.3,448.504,12.80149694202523,0.0
2024-12-28,1,5.5,542.804,13.05,0.0
2024-12-29,0,,,,
2024-12-30,3,4.9,546.369,12.382901311711835,484.7774943692631
2024-12-31,0,,,,
2025-01-01,0,,,,
2025-01-02,0,,,,
2025-01-03,0,,,,
2025-01-04,0,,,,
2025-01-05,1,4.7,546.314,11.85,0.0
2025-01-06,1,4.5,539.314,11.55,0.0
2025-01-07,3,5.6,420.8286666666666,13.370468815793298,2830.284961747336
2025-01-08,0,,,,
2025-01-09,1,4.5,623.083,11.55,0.0
2025-01-10,0,,,,
2025-01-11,0,,,,
2025-01-12,2,5.0,507.8505,12.371081852649532,0.0
2025-01-13,4,5.4,535.99825,13.012756924938309,3452.2182858436377
2025-01-14,2,5.1,357.1965,12.682474080687586,0.0
2025-01-15,1,4.6,492.851,11.7,0.0
2025-01-16,0,,,,
2025-01-17,0,,,,
2025-01-18,3,4.8,563.3026666666666,12.268578117629064,125.36097977459464
2025-01-19,0,,,,
2025-01-20,0,,,,
2025-01-21,2,4.8,536.1175000000001,12.176434862436484,0.0
2025-01-22,1,4.6,542.558,11.7,0.0
2025-01-23,1,5.6,598.0,13.2,0.0
2025-01-24,0,,,,
2025-01-25,0,,,,
2025-01-26,0,,,,
2025-01-27,2,4.6,462.251,11.932474080687586,0.0
2025-01-28,1,4.5,302.385,11.55,0.0
2025-01-29,0,,,,
2025-01-30,0,,,,
2025-01-31,0,,,,
2025-02-01,0,,,,
2025-02-02,1,4.5,622.147,11.55,0.0
2025-02-03,0,,,,
2025-02-04,0,,,,
2025-02-05,0,,,,
2025-02-06,0,,,,
2025-02-07,1,4.5,488.306,11.55,0.0
2025-02-08,0,,,,
2025-02-09,1,4.6,521.696,11.7,0.0
2025-02-10,1,4.5,601.502,11.55,0.0
2025-02-11,0,,,,
2025-02-12,3,4.7,542.1666666666666,12.194221866731146,2972.460591595961
2025-02-13,1,4.5,584.602,11.55,0.0
2025-02-14,0,,,,
2025-02-15,0,,,,
2025-02-16,2,4.7,421.1785,12.082474080687588,0.0
2025-02-17,1,4.6,543.835,11.7,0.0
2025-02-18,1,4.5,416.782,11.55,0.0
2025-02-19,0,,,,
2025-02-20,4,4.8,502.492,12.455758297818772,3915.85155743878
2025-02-21,0,,,,
2025-02-22,2,4.5,477.2175,11.851029995663982,0.0
2025-02-23,1,4.6,517.496,11.7,0.0
2025-02-24,3,4.6,503.3916666666667,12.177121254719662,354.7734732058522
2025-02-25,1,5.2,578.306,12.6,0.0
2025-02-26,1,5.8,388.0,13.5,0.0
2025-02-27,1,4.5,565.968,11.55,0.0
2025-02-28,1,4.6,552.702,11.7,0.0
2025-03-01,1,4.8,590.686,12.0,0.0
2025-03-02,0,,,,
2025-03-03,2,5.4,446.085,12.926572375596104,0.0
2025-03-04,0,,,,
2025-03-05,0,,,,
2025-03-06,0,,,,
2025-03-07,0,,,,
2025-03-08,0,,,,
2025-03-09,0,,,,
2025-03-10,1,4.7,403.651,11.85,0.0
2025-03-11,3,5.6,565.005,13.23716214270614,4648.253551917775
2025-03-12,0,,,,
2025-03-13,0,,,,
2025-03-14,1,4.7,553.909,11.85,0.0
2025-03-15,1,4.7,633.722,11.85,0.0
2025-03-16,4,4.9,512.8652500000001,12.442436713940324,3166.772327405006
2025-03-17,0,,,,
2025-03-18,0,,,,
2025-03-19,2,4.8,535.391,12.30102999566398,0.0
2025-03-20,1,4.7,562.693,11.85,0.0
2025-03-21,1,4.6,550.443,11.7,0.0
2025-03-22,2,5.5,459.3085,13.076572375596104,0.0
2025-03-23,2,4.5,463.005,11.851029995663982,0.0
2025-03-24,0,,,,
2025-03-25,1,4.5,580.769,11.55,0.0
2025-03-26,2,4.8,547.7570000000001,12.131879480002064,0.0
2025-03-27,0,,,,
2025-03-28,3,4.9,436.827,12.39362726604562,743.2136245859655
2025-03-29,0,,,,
2025-03-30,0,,,,
2025-03-31,2,4.9,563.6015,12.382474080687588,0.0
2025-04-01,5,5.0,543.1634,12.59262327478455,1625.7892315737213
2025-04-02,1,4.8,590.393,12.0,0.0
2025-04-03,2,4.6,537.5205000000001,11.932474080687586,0.0
2025-04-04,1,4.6,551.56,11.7,0.0
2025-04-05,0,,,,
2025-04-06,0,,,,
2025-04-07,1,4.5,545.073,11.55,0.0
2025-04-08,2,4.6,636.3734999999999,11.932474080687586,0.0
2025-04-09,3,4.9,473.04566666666665,12.355746090539691,2926.352608403109
2025-04-10,0,,,,
2025-04-11,1,4.5,558.885,11.55,0.0
2025-04-12,0,,,,
2025-04-13,1,5.9,369.0,13.650000000000002,0.0
2025-04-14,1,4.6,557.326,11.7,0.0
2025-04-15,0,,,,
2025-04-16,0,,,,
2025-04-17,0,,,,
2025-04-18,0,,,,
2025-04-19,0,,,,
2025-04-20,0,,,,
2025-04-21,0,,,,
2025-04-22,1,4.5,574.613,11.55,0.0
2025-04-23,0,,,,
2025-04-24,1,4.8,501.972,12.0,0.0
2025-04-25,1,4.5,503.14,11.55,0.0
2025-04-26,0,,,,
2025-04-27,1,4.5,526.147,11.55,0.0
2025-04-28,0,,,,
2025-04-29,0,,,,
2025-04-30,0,,,,
2025-05-01,0,,,,
2025-05-02,1,4.5,473.501,11.55,0.0
2025-05-03,1,4.5,471.136,11.55,0.0
2025-05-04,1,4.5,551.556,11.55,0.0
2025-05-05,0,,,,
2025-05-06,1,4.7,589.473,11.85,0.0
2025-05-07,1,4.5,577.053,11.55,0.0
2025-05-08,2,4.5,565.2505,11.851029995663982,0.0
2025-05-09,0,,,,
2025-05-10,2,4.6,560.722,11.932474080687586,0.0
2025-05-11,2,4.7,476.5375,12.082474080687588,0.0
2025-05-12,0,,,,
2025-05-13,1,5.6,445.198,13.2,0.0
2025-05-14,1,4.5,513.179,11.55,0.0
2025-05-15,2,5.9,413.609,13.653436094751733,0.0
2025-05-16,0,,,,
2025-05-17,1,4.6,535.212,11.7,0.0
2025-05-18,0,,,,
2025-05-19,0,,,,
2025-05-20,3,4.8,575.2303333333333,12.268578117629064,95.70375663834142
2025-05-21,0,,,,
2025-05-22,0,,,,
2025-05-23,1,4.6,427.738,11.7,0.0
2025-05-24,0,,,,
2025-05-25,0,,,,
2025-05-26,0,,,,
2025-05-27,1,5.0,545.272,12.3,0.0
2025-05-28,1,4.6,493.13,11.7,0.0
2025-05-29,0,,,,
2025-05-30,2,4.6,538.6814999999999,11.932474080687586,0.0
2025-05-31,1,4.5,421.474,11.55,0.0
2025-06-01,0,,,,
2025-06-02,0,,,,
2025-06-03,1,5.0,518.468,12.3,0.0
2025-06-04,0,,,,
2025-06-05,0,,,,
2025-06-06,3,5.9,448.52366666666666,13.660211822507032,2713.9874599151703
2025-06-07,1,4.9,341.612,12.15,0.0
2025-06-08,0,,,,
2025-06-09,0,,,,
2025-06-10,1,4.7,549.345,11.85,0.0
2025-06-11,0,,,,
2025-06-12,0,,,,
2025-06-13,2,5.3,411.537,12.776572375596103,0.0
2025-06-14,0,,,,
2025-06-15,0,,,,
2025-06-16,0,,,,
2025-06-17,0,,,,
2025-06-18,1,4.9,618.221,12.15,0.0
2025-06-19,0,,,,
2025-06-20,0,,,,
2025-06-21,0,,,,
2025-06-22,1,4.5,605.504,11.55,0.0
2025-06-23,1,4.5,583.264,11.55,0.0
2025-06-24,3,5.0,534.778,12.532901311711838,286.43119687546977
2025-06-25,1,4.8,535.74,12.0,0.0
2025-06-26,3,4.7,551.083,12.194221866731146,133.99534917641287
2025-06-27,0,,,,
2025-06-28,0,,,,
2025-06-29,1,4.5,550.94,11.55,0.0
2025-06-30,0,,,,
2025-07-01,1,4.6,562.712,11.7,0.0
2025-07-02,1,5.6,526.92,13.2,0.0
2025-07-03,1,5.0,552.378,12.3,0.0
2025-07-04,0,,,,
2025-07-05,0,,,,
2025-07-06,0,,,,
2025-07-07,2,4.9,534.9415,12.247322793708696,0.0
2025-07-08,0,,,,
2025-07-09,2,5.2,525.638,12.63707776445072,0.0
2025-07-10,2,4.9,558.009,12.247322793708696,0.0
2025-07-11,0,,,,
2025-07-12,2,4.5,538.97,11.851029995663982,0.0
2025-07-13,0,,,,
2025-07-14,2,4.7,479.6775,12.026434862436489,0.0
2025-07-15,1,4.8,629.783,12.0,0.0
2025-07-16,1,4.6,383.261,11.7,0.0
2025-07-17,2,4.8,600.289,12.232474080687586,0.0
2025-07-18,4,5.1,520.13175,12.589147604583298,3354.0066930399084
2025-07-19,0,,,,
2025-07-20,0,,,,
2025-07-21,0,,,,
2025-07-22,0,,,,
2025-07-23,2,5.6,525.077,13.226572375596104,0.0
2025-07-24,1,6.6,314.151,14.7,0.0
2025-07-25,0,,,,
2025-07-26,1,4.6,532.852,11.7,0.0
2025-07-27,1,5.3,609.233,12.75,0.0
2025-07-28,1,4.6,394.174,11.7,0.0
2025-07-29,3,6.6,470.422,14.72698070227496,298.7336907283328
2025-07-30,2,4.6,494.862,11.932474080687586,0.0
2025-07-31,3,5.1,469.6873333333333,12.635440532855828,3646.8856351409418
2025-08-01,1,4.5,461.007,11.55,0.0
2025-08-02,0,,,,
2025-08-03,1,5.0,481.669,12.3,0.0
2025-08-04,0,,,,
2025-08-05,0,,,,
2025-08-06,0,,,,
2025-08-07,0,,,,
2025-08-08,0,,,,
2025-08-09,0,,,,
2025-08-10,0,,,,
2025-08-11,0,,,,
2025-08-12,3,5.4,521.785,12.937162142706145,1.0090814899052016
2025-08-13,1,4.5,392.932,11.55,0.0
2025-08-14,1,4.6,334.44,11.7,0.0
2025-08-15,0,,,,
2025-08-16,1,4.5,575.858,11.55,0.0
2025-08-17,0,,,,
2025-08-18,2,4.7,359.751,12.026434862436489,0.0
2025-08-19,0,,,,
2025-08-20,1,4.5,521.596,11.55,0.0
2025-08-21,0,,,,
2025-08-22,0,,,,
2025-08-23,1,4.5,505.13,11.55,0.0
2025-08-24,1,5.4,352.442,12.900000000000002,0.0
2025-08-25,0,,,,
2025-08-26,1,5.6,614.102,13.2,0.0
2025-08-27,0,,,,
2025-08-28,0,,,,
2025-08-29,0,,,,
2025-08-30,0,,,,
2025-08-31,1,4.6,546.395,11.7,0.0
2025-09-01,0,,,,
2025-09-02,2,4.7,509.006,12.026434862436489,0.0
2025-09-03,1,4.7,532.426,11.85,0.0
2025-09-04,1,4.7,385.072,11.85,0.0
2025-09-05,2,4.5,544.5889999999999,11.851029995663982,0.0
2025-09-06,1,4.7,558.289,11.85,0.0
2025-09-07,0,,,,
2025-09-08,0,,,,
2025-09-09,0,,,,
2025-09-10,0,,,,
2025-09-11,0,,,,
2025-09-12,0,,,,
2025-09-13,1,4.8,561.143,12.0,0.0
2025-09-14,0,,,,
2025-09-15,1,4.7,629.043,11.85,0.0
2025-09-16,0,,,,
2025-09-17,0,,,,
2025-09-18,0,,,,
2025-09-19,0,,,,
2025-09-20,2,4.6,488.0345,11.932474080687586,0.0
2025-09-21,0,,,,
2025-09-22,0,,,,
2025-09-23,1,4.8,352.561,12.0,0.0
2025-09-24,0,,,,
2025-09-25,0,,,,
2025-09-26,0,,,,
2025-09-27,1,4.6,614.565,11.7,0.0
2025-09-28,1,5.5,573.583,13.05,0.0
2025-09-29,0,,,,
2025-09-30,1,4.5,549.705,11.55,0.0
2025-10-01,0,,,,
2025-10-02,1,5.7,559.2,13.35,0.0
2025-10-03,0,,,,
2025-10-04,1,4.9,530.181,12.15,0.0
2025-10-05,1,4.6,559.959,11.7,0.0
2025-10-06,2,5.6,592.71,13.209615408440142,0.0
2025-10-07,0,,,,
2025-10-08,0,,,,
2025-10-09,1,4.5,600.135,11.55,0.0
2025-10-10,0,,,,
2025-10-11,2,4.8,501.3905,12.131879480002064,0.0
2025-10-12,0,,,,
2025-10-13,0,,,,
2025-10-14,2,5.3,446.909,12.776572375596103,0.0
2025-10-15,0,,,,
2025-10-16,1,5.1,553.818,12.45,0.0
2025-10-17,1,4.6,425.906,11.7,0.0
2025-10-18,0,,,,
2025-10-19,0,,,,
2025-10-20,3,5.1,468.155,12.788023565399422,2129.6006633830334
2025-10-21,1,4.5,556.158,11.55,0.0
2025-10-22,1,4.6,577.946,11.7,0.0
2025-10-23,0,,,,
2025-10-24,1,4.5,599.507,11.55,0.0
2025-10-25,3,5.2,501.055,12.702760516148048,1432.0337122519172
2025-10-26,0,,,,
2025-10-27,1,4.6,647.752,11.7,0.0
2025-10-28,0,,,,
2025-10-29,3,4.8,546.8193333333334,12.39814620332089,2964.3529747005628
2025-10-30,0,,,,
2025-10-31,1,5.4,529.356,12.900000000000002,0.0
2025-11-01,1,4.5,361.049,11.55,0.0
2025-11-02,0,,,,
2025-11-03,2,4.6,479.3905,12.00102999566398,0.0
2025-11-04,0,,,,
2025-11-05,0,,,,
2025-11-06,0,,,,
2025-11-07,2,4.5,539.3230000000001,11.851029995663982,0.0
2025-11-08,1,5.6,496.098,13.2,0.0
2025-11-09,0,,,,
2025-11-10,0,,,,
2025-11-11,1,4.6,510.671,11.7,0.0
2025-11-12,0,,,,
2025-11-13,0,,,,
2025-11-14,0,,,,
2025-11-15,1,4.5,525.651,11.55,0.0
2025-11-16,0,,,,
2025-11-17,0,,,,
2025-11-18,1,4.6,570.435,11.7,0.0
2025-11-19,0,,,,
2025-11-20,0,,,,
2025-11-21,1,5.6,515.967,13.2,0.0
2025-11-22,1,4.5,595.443,11.55,0.0
2025-11-23,0,,,,
2025-11-24,3,4.7,543.306,12.151545298844896,265.5064706326794
2025-11-25,0,,,,
2025-11-26,1,4.6,564.849,11.7,0.0
2025-11-27,0,,,,
2025-11-28,0,,,,
2025-11-29,1,4.5,304.108,11.55,0.0
2025-11-30,0,,,,
2025-12-01,0,,,,
2025-12-02,2,5.6,567.4265,13.218978441047732,0.0
2025-12-03,3,4.6,573.7896666666667,12.083077438168312,226.20196333884803
2025-12-04,1,5.2,599.274,12.6,0.0
2025-12-05,0,,,,
2025-12-06,0,,,,
2025-12-07,1,4.6,544.334,11.7,0.0
2025-12-08,0,,,,
2025-12-09,1,4.5,404.6,11.55,0.0
2025-12-10,0,,,,
2025-12-11,1,5.1,575.904,12.45,0.0
2025-12-12,1,5.3,367.01,12.75,0.0
2025-12-13,0,,,,
2025-12-14,1,4.6,504.307,11.7,0.0
2025-12-15,1,4.9,603.163,12.15,0.0
2025-12-16,1,4.9,508.72,12.15,0.0
2025-12-17,2,5.4,484.3525,12.918978441047736,0.0
2025-12-18,1,4.6,416.609,11.7,0.0
2025-12-19,1,4.5,544.976,11.55,0.0
2025-12-20,0,,,,
2025-12-21,0,,,,
2025-12-22,2,4.8,520.8530000000001,12.176434862436484,0.0
2025-12-23,2,5.2,427.225,12.63707776445072,0.0
2025-12-24,0,,,,
2025-12-25,0,,,,
2025-12-26,3,4.8,563.9393333333334,12.344221866731145,3131.201232812162
2025-12-27,3,5.6,562.2763333333334,13.235623004585923,5208.729295735921
2025-12-28,2,4.6,584.111,11.932474080687586,0.0
2025-12-29,1,4.8,600.131,12.0,0.0
2025-12-30,3,5.3,550.5813333333333,12.811535721539036,5525.599194056944
2025-12-31,0,,,,
2026-01-01,0,,,,
2026-01-02,0,,,,
2026-01-03,2,4.7,487.6055,12.026434862436489,0.0
2026-01-04,0,,,,
2026-01-05,1,5.1,413.503,12.45,0.0
2026-01-06,1,4.9,571.187,12.15,0.0
2026-01-07,1,5.5,538.866,13.05,0.0
2026-01-08,2,4.6,558.688,11.932474080687586,0.0
2026-01-09,2,4.6,565.1825,11.932474080687586,0.0
2026-01-10,1,4.7,531.072,11.85,0.0
2026-01-11,0,,,,
2026-01-12,1,5.6,396.0,13.2,0.0
2026-01-13,1,4.6,572.544,11.7,0.0
2026-01-14,0,,,,
2026-01-15,1,4.5,476.304,11.55,0.0
2026-01-16,1,4.5,477.824,11.55,0.0
2026-01-17,0,,,,
2026-01-18,0,,,,
2026-01-19,0,,,,
2026-01-20,2,4.7,451.6205,12.026434862436489,0.0
2026-01-21,1,4.7,498.092,11.85,0.0
2026-01-22,0,,,,
2026-01-23,0,,,,
2026-01-24,2,5.0,585.3209999999999,12.476434862436486,0.0
2026-01-25,3,4.9,535.8336666666667,12.464448527210145,3046.9605635055264
2026-01-26,0,,,,
2026-01-27,2,4.5,438.7415,11.851029995663982,0.0
2026-01-28,1,4.8,310.86,12.0,0.0
2026-01-29,1,4.6,533.415,11.7,0.0
2026-01-30,0,,,,
2026-01-31,3,4.8,500.06666666666666,12.301545298844896,3073.962147735808
2026-02-01,1,4.7,529.208,11.85,0.0
2026-02-02,0,,,,
2026-02-03,0,,,,
2026-02-04,1,4.8,387.649,12.0,0.0
2026-02-05,2,5.2,584.74,12.63707776445072,0.0
2026-02-06,2,4.8,555.9685,12.131879480002064,0.0
2026-02-07,0,,,,
2026-02-08,1,4.5,512.225,11.55,0.0
2026-02-09,1,4.6,602.949,11.7,0.0
2026-02-10,1,6.2,532.492,14.1,0.0
2026-02-11,1,4.6,413.937,11.7,0.0
2026-02-12,1,4.6,553.533,11.7,0.0
2026-02-13,1,4.5,590.598,11.55,0.0
2026-02-14,2,4.6,596.6769999999999,12.00102999566398,0.0
2026-02-15,0,,,,
2026-02-16,0,,,,
2026-02-17,1,4.9,549.025,12.15,0.0
2026-02-18,1,4.5,532.489,11.55,0.0
2026-02-19,2,4.6,486.618,11.932474080687586,0.0
2026-02-20,2,5.4,583.6845000000001,12.918978441047736,0.0
2026-02-21,2,4.9,554.923,12.247322793708696,0.0
2026-02-22,3,7.1,636.08,15.460462139456476,3573.930947668136
2026-02-23,3,5.0,491.65766666666667,12.54362726604562,177.30674472389043
2026-02-24,1,5.0,310.971,12.3,0.0
2026-02-25,0,,,,
2026-02-26,1,4.7,501.871,11.85,0.0
2026-02-27,0,,,,
2026-02-28,1,4.8,580.674,12.0,0.0
2026-03-01,1,6.3,596.319,14.25,0.0
2026-03-02,0,,,,
2026-03-03,0,,,,
2026-03-04,1,4.5,526.923,11.55,0.0
2026-03-05,3,4.8,566.1466666666666,12.39814620332089,2798.559831613117
2026-03-06,1,4.9,386.29,12.15,0.0
2026-03-07,0,,,,
2026-03-08,3,4.9,432.8476666666666,12.393627266045621,1564.1929071247448
2026-03-09,4,6.0,490.30725,13.814945552406105,8629.902937466148
2026-03-10,1,4.6,527.385,11.7,0.0
2026-03-11,1,4.6,583.592,11.7,0.0
2026-03-12,0,,,,
